oms_score,sex,race,pb,p1,p2,p3,p4,p5,ac,id
97.211029,M,2,IN,IN,EN,FA,MP,SC,1,1
96.859131,F,1,AV,AV,AG,FI,MS,MI,2,2
96.692955,M,1,AV,AV,MS,AR,MI,IN,2,3
96.545601,M,1,AV,AV,IN,EN,FA,AR,4,4
96.221519,M,1,IN,IN,MI,EN,MP,AR,1,5
95.980782,M,1,EN,EN,MI,IN,AR,MS,2,6
95.553154,M,1,MP,MP,EN,MI,AR,FA,1,7
95.292152,M,1,IN,IN,AR,EN,MI,OD,4,8
94.84156,M,2,EN,EN,FI,MI,SC,AR,1,9
94.754486,F,1,MI,MI,MS,EN,FI,AD,1,10
94.702736,M,1,IN,IN,AR,EN,FA,AD,1,11
94.657936,M,1,IN,IN,MI,AR,FA,MP,1,12
94.651428,M,1,MI,MI,AD,QM,MS,EN,1,13
94.311119,M,2,IN,IN,AR,FA,MI,EN,1,14
94.200264,M,1,MP,MP,FA,AR,MS,EN,1,15
94.116722,M,1,IN,IN,AR,SC,MI,EN,1,16
94.102646,M,1,AV,AV,MS,MI,AG,MP,1,17
94.008926,F,4,AD,AD,MI,MS,SC,EN,3,18
93.943153,M,1,IN,IN,EN,MI,AR,FA,1,19
93.888992,M,2,AV,AV,MS,SC,QM,TC,1,20
93.834976,M,1,MI,MI,AR,MS,FA,QM,1,21
93.788445,F,1,AV,AV,MP,EN,MI,SC,1,22
93.775093,M,1,AV,AV,AR,EN,IN,MI,2,23
93.744949,M,1,IN,IN,MI,AR,FA,SC,1,24
93.709496,M,1,MI,MI,IN,AR,FA,SC,2,25
93.440804,M,1,MS,MS,MI,EN,AR,SC,1,26
93.359169,F,1,EN,EN,MI,OD,MP,TC,4,27
93.294701,M,1,IN,IN,EN,AR,SC,FA,4,28
93.245171,M,1,IN,IN,EN,SC,AR,MI,1,29
93.147415,M,2,MI,MI,IN,MS,QM,EN,1,30
93.111389,M,4,MI,MI,SC,AR,MS,FI,3,31
93.072723,F,1,MI,MI,MP,SC,QM,AG,1,32
92.92614,M,1,IN,IN,MI,MP,AR,EN,1,33
92.811409,F,1,AV,AV,MS,MI,TC,MP,1,34
92.772018,M,1,IN,IN,AR,FA,EN,MI,1,35
92.730072,M,1,MI,MI,EN,AR,SC,MS,1,36
92.681702,M,2,IN,IN,AR,MI,MS,MP,1,37
92.610352,M,1,IN,IN,AR,EN,MI,AD,1,38
92.597893,M,1,IN,IN,EN,FA,AR,AD,2,39
92.58004,M,1,IN,IN,AR,EN,MI,FA,1,40
92.572395,M,1,AV,AV,IN,EN,AR,MI,2,41
92.547264,M,1,IN,IN,AR,EN,MI,MP,2,42
92.541489,M,1,IN,IN,AR,EN,AD,MI,1,43
92.521835,M,1,AV,AV,EN,AR,SC,AG,2,44
92.515038,F,1,EN,EN,MI,MP,FA,SC,2,45
92.504677,M,1,MI,MI,AR,IN,AV,EN,1,46
92.504074,M,1,EN,EN,IN,FA,AR,AD,1,47
92.497734,M,1,MI,MI,IN,EN,AR,SC,1,48
92.493279,M,1,EN,EN,AR,MI,QM,FI,2,49
92.484016,M,2,MI,MI,AR,SC,AD,EN,1,50
92.479202,M,1,AR,AR,MP,OD,EN,MI,1,51
92.477837,M,1,IN,IN,EN,AR,MP,FA,2,52
92.477654,M,1,AR,AR,IN,MI,FA,MP,1,53
92.41626,M,1,IN,IN,AR,FA,EN,MI,1,54
92.36248,M,1,AR,AR,EN,IN,MI,MP,1,55
92.360161,M,1,SC,SC,MS,OD,FA,QM,1,56
92.312088,M,1,MI,MI,OD,AD,MP,FA,1,57
92.28952,M,3,AV,AV,IN,MS,MI,MP,1,58
92.271362,M,1,MI,MI,EN,SC,FA,MP,4,59
92.267693,M,3,IN,IN,AR,QM,MS,MI,1,60
92.237122,M,1,IN,IN,AR,EN,MI,FA,1,61
92.190933,M,1,AR,AR,QM,IN,TC,MI,2,62
92.149979,M,1,FI,FI,MS,QM,TC,SC,2,63
92.075058,F,2,SP,SP,MI,AG,FI,OD,3,64
92.04203,M,1,MI,MI,SC,AR,MP,EN,1,65
92.034233,M,4,SC,SC,MI,AD,AG,QM,2,66
92.011101,M,1,IN,IN,EN,MP,AR,FA,2,67
92.00589,M,1,MI,MI,IN,AR,MP,FA,3,68
91.987717,M,1,MI,MI,AR,EN,AD,SC,1,69
91.980354,M,1,MI,MI,IN,AR,MS,MP,1,70
91.9226,M,1,AV,AV,MP,MI,AR,EN,2,71
91.906395,F,1,MI,MI,SC,MP,AG,TC,1,72
91.897179,M,1,AR,AR,MI,AD,MP,IN,1,73
91.817642,M,1,MI,MI,AR,FA,EN,SC,1,74
91.79184,M,1,IN,IN,AR,EN,FA,MS,1,75
91.765747,M,1,MP,MP,MI,AR,AG,EN,1,76
91.728806,M,1,IN,IN,MI,AR,EN,SC,1,77
91.719215,M,1,IN,IN,AR,EN,MI,FA,2,78
91.715363,M,1,MI,MI,MS,EN,SC,QM,1,79
91.706978,M,1,AV,AV,MS,IN,FA,MI,2,80
91.675697,M,1,IN,IN,AR,EN,FA,SC,2,81
91.649361,M,1,IN,IN,FI,AR,EN,FA,1,82
91.607925,M,1,IN,IN,MI,MS,FA,AR,2,83
91.550163,M,1,MP,MP,MI,AD,FA,AR,1,84
91.497108,M,1,MI,MI,IN,FA,AR,EN,1,85
91.479485,M,1,MI,MI,IN,QM,SC,EN,2,86
91.468277,M,1,IN,IN,MP,EN,FA,AR,1,87
91.427284,M,5,IN,IN,EN,AR,MI,SC,1,88
91.396629,M,4,IN,IN,EN,SC,FA,AR,2,89
91.348717,F,1,MI,MI,MP,TC,EN,MS,1,90
91.229729,M,1,IN,IN,AR,FA,EN,MP,2,91
91.211594,F,1,EN,EN,MI,TC,MP,AG,2,92
91.194786,F,1,MI,MI,SC,MP,OD,CM,1,93
91.190308,M,1,AR,AR,IN,EN,MI,MS,4,94
91.182297,M,1,FA,FA,IN,SC,AR,AD,3,95
91.168343,M,1,IN,IN,AR,EN,MP,FA,1,96
91.15535,M,1,FI,FI,MI,MS,AR,SC,2,97
91.108337,M,2,MI,MI,SC,FA,AD,AR,1,98
91.094681,M,3,IN,IN,MP,FA,EN,AR,1,99
91.057129,M,1,MI,MI,IN,MP,AR,FA,1,100
91.038185,M,1,MI,MI,AR,FI,AG,AD,2,101
91.036766,M,1,MP,MP,EN,MI,FA,AR,1,102
91.027779,M,1,EN,EN,MS,IN,MP,QM,1,103
90.939346,M,1,MI,MI,AR,FA,MP,EN,1,104
90.908737,M,1,MI,MI,SC,EN,MP,AR,1,105
90.879311,M,1,QM,QM,MS,IN,AD,AG,1,106
90.874908,M,1,MI,MI,AR,FA,EN,OD,1,107
90.838921,M,1,IN,IN,AR,EN,FA,MP,1,108
90.833382,M,1,IN,IN,MI,EN,AR,FA,1,109
90.793045,M,1,IN,IN,AR,MI,EN,MP,1,110
90.786179,M,1,OD,OD,AV,MI,EN,IN,2,111
90.762115,M,1,IN,IN,MI,EN,AR,FA,1,112
90.760574,M,1,IN,IN,AR,EN,FI,QM,1,113
90.733398,F,1,MI,MI,EN,MS,OD,MP,1,114
90.696381,M,1,AR,AR,MI,SC,EN,OD,4,115
90.627151,M,3,MS,MS,QM,FI,AR,AG,1,116
90.62439,F,1,QM,QM,EN,MS,OD,MI,1,117
90.62043,M,1,IN,IN,AR,EN,FA,MP,1,118
90.578484,F,1,AV,AV,MP,MI,QM,EN,2,119
90.575264,F,1,EN,EN,MP,SC,MS,MI,1,120
90.558655,M,1,EN,EN,IN,MI,FA,AR,1,121
90.501289,M,1,IN,IN,EN,AR,FA,MS,1,122
90.498589,M,1,AV,AV,MS,AR,FA,MP,1,123
90.494965,M,3,MS,MS,AG,OD,AD,FI,1,124
90.46682,M,1,AV,AV,IN,AR,MI,EN,3,125
90.432114,M,2,MS,MS,AG,QM,AR,FI,1,126
90.419136,M,1,IN,IN,EN,MP,AR,FA,1,127
90.411354,M,1,IN,IN,EN,AR,MI,FA,1,128
90.401649,M,1,IN,IN,AR,AV,MI,FA,1,129
90.301117,M,1,IN,IN,AR,EN,FA,AD,2,130
90.299118,M,1,IN,IN,AR,EN,MP,FA,4,131
90.273537,M,1,FI,FI,IN,AR,MI,EN,2,132
90.264778,M,3,EN,EN,SC,MI,MS,TC,3,133
90.253433,M,1,IN,IN,AR,EN,MP,FA,1,134
90.245354,M,1,MI,MI,SC,MS,AR,FI,2,135
90.230728,M,2,IN,IN,AR,FA,EN,SC,2,136
90.227127,M,1,AR,AR,MP,EN,MI,FA,1,137
90.226524,M,1,AV,AV,MS,MI,EN,OD,3,138
90.215057,M,1,MI,MI,SC,IN,FI,AR,2,139
90.209091,F,1,MI,MI,MP,MS,EN,SC,1,140
90.154419,M,1,MI,MI,AR,MS,SC,FA,3,141
90.124695,M,1,AR,AR,MI,EN,AD,SC,1,142
90.116249,M,1,EN,EN,IN,AR,TC,OD,4,143
90.112953,M,3,MI,MI,AR,SC,MP,QM,1,144
90.107399,M,1,EN,EN,IN,FA,AR,AV,4,145
90.085396,M,1,AV,AV,MS,EN,IN,AR,3,146
90.069382,M,1,IN,IN,AR,MI,FA,MP,1,147
90.066505,M,1,MP,MP,FI,MS,IN,SC,1,148
90.057938,M,1,MI,MI,IN,AR,EN,MP,1,149
90.053299,M,1,OD,OD,QM,MI,AR,EN,2,150
90.047707,M,1,EN,EN,AR,IN,FA,MI,4,151
90.02993,M,1,AV,AV,EN,AR,IN,FA,4,152
90.022263,M,1,AR,AR,MP,FA,AD,EN,1,153
90.01709,M,1,IN,IN,MP,MS,MI,AR,1,154
90.012085,M,1,AR,AR,EN,MI,MS,IN,3,155
89.998817,M,1,IN,IN,FA,OD,EN,MP,1,156
89.950935,M,1,IN,IN,AR,MP,EN,FA,1,157
89.931946,F,1,MS,MS,MP,MI,EN,QM,1,158
89.898155,M,1,IN,IN,AR,AD,FA,EN,3,159
89.891098,M,1,AR,AR,MP,EN,IN,FA,1,160
89.889648,M,1,AV,AV,MS,MI,SC,TC,1,161
89.886482,M,4,MS,MS,EN,MP,TC,AG,1,162
89.886215,M,1,AV,AV,MS,IN,AR,FA,2,163
89.885094,M,1,IN,IN,AR,EN,MP,SC,1,164
89.879875,M,1,IN,IN,EN,FA,AR,MP,1,165
89.871452,M,1,AV,AV,SC,MS,MI,FI,1,166
89.852669,M,1,IN,IN,AR,MI,EN,MP,1,167
89.849205,M,1,AV,AV,MS,EN,MI,AR,4,168
89.724258,M,1,MI,MI,IN,AR,SC,EN,1,169
89.712746,M,1,FA,FA,IN,EN,AR,MP,2,170
89.679985,M,1,AR,AR,EN,FA,IN,AD,2,171
89.675079,F,1,AG,AG,MI,MS,SC,FI,1,172
89.668808,M,1,AV,AV,SC,FA,MS,QM,1,173
89.636375,M,1,SC,SC,MS,QM,AR,MI,3,174
89.604317,M,1,AV,AV,MS,MI,EN,AR,2,175
89.597771,M,1,AV,AV,AR,EN,IN,SC,2,176
89.582687,M,1,IN,IN,AR,EN,OD,MP,1,177
89.581085,M,1,FA,FA,AR,MI,EN,SC,1,178
89.571053,M,1,MI,MI,MP,AR,EN,MS,1,179
89.534225,M,1,IN,IN,AR,FA,MI,SC,1,180
89.527641,M,1,MI,MI,AR,IN,EN,FA,2,181
89.521172,M,1,EN,EN,IN,AR,MP,OD,4,182
89.517593,M,1,IN,IN,AR,FA,EN,AD,1,183
89.509399,F,4,MS,MS,MI,SC,FI,OD,2,184
89.506393,M,1,IN,IN,EN,AR,MI,MP,2,185
89.49752,M,1,IN,IN,AR,SC,MI,FA,1,186
89.395905,M,1,MI,MI,IN,AR,FA,MP,1,187
89.389633,M,1,MS,MS,IN,MP,AR,FA,2,188
89.33696,M,1,IN,IN,AR,MI,EN,MP,1,189
89.324341,M,1,AV,AV,FI,AG,MP,MI,2,190
89.291664,M,1,IN,IN,AR,MP,FA,MI,1,191
89.272362,M,1,AV,AV,EN,AR,FA,SC,4,192
89.214317,M,1,AR,AR,IN,MP,MI,FA,2,193
89.2006,M,1,MI,MI,SC,AR,IN,TC,1,194
89.155975,M,1,IN,IN,EN,AR,OD,FA,1,195
89.088234,M,1,AV,AV,IN,AR,FA,MP,2,196
89.071526,M,1,AV,AV,EN,CM,AR,IN,1,197
89.068459,M,1,SC,SC,TC,QM,AR,MP,2,198
89.037865,M,1,IN,IN,AR,SC,FA,OD,2,199
89.037086,M,1,IN,IN,AR,MI,FA,EN,1,200
89.033234,M,1,MI,MI,AR,IN,EN,AD,1,201
88.999252,M,1,IN,IN,EN,AR,MI,FA,1,202
88.995979,M,1,MI,MI,AR,FA,IN,EN,3,203
88.990707,F,1,MS,MS,QM,MP,EN,AG,1,204
88.951904,F,1,MI,MI,AD,AG,QM,SC,1,205
88.951241,M,1,AR,AR,EN,IN,FA,MP,1,206
88.918259,M,1,IN,IN,AR,MI,MP,FA,1,207
88.914917,F,1,MS,MS,QM,EN,SC,FI,2,208
88.914482,M,1,FA,FA,EN,AR,MI,MP,1,209
88.906792,M,1,AV,AV,IN,SC,AR,FA,3,210
88.897057,M,1,AV,AV,MS,FI,AG,SC,2,211
88.878693,M,1,AV,AV,MI,FA,AR,IN,1,212
88.874893,M,1,MI,MI,IN,MP,AR,EN,1,213
88.857117,M,1,AV,AV,MS,EN,MI,MP,1,214
88.774193,M,1,MI,MI,IN,EN,AR,MP,1,215
88.764748,F,1,MS,MS,SC,MI,AG,FI,1,216
88.761612,M,1,IN,IN,AR,SC,EN,FA,1,217
88.757607,F,1,MS,MS,EN,QM,MI,FI,1,218
88.741066,M,1,AV,AV,MS,MI,MP,EN,2,219
88.696053,M,1,MI,MI,IN,EN,FA,AR,1,220
88.688507,M,1,IN,IN,AR,MP,EN,MI,2,221
88.677086,M,1,AG,AG,QM,SC,EN,OD,1,222
88.6455,M,1,EN,EN,MS,AR,FI,IN,1,223
88.617355,M,1,AR,AR,EN,FA,SC,IN,1,224
88.605621,M,2,MI,MI,MS,AR,MP,EN,1,225
88.605415,M,1,MP,MP,AG,EN,AD,SC,1,226
88.587311,M,1,MS,MS,AV,MI,AD,SC,1,227
88.578072,M,1,FI,FI,MS,QM,AD,SC,2,228
88.574944,M,1,EN,EN,AR,IN,FA,MP,4,229
88.555679,M,1,EN,EN,IN,AR,MP,MI,4,230
88.553932,M,1,SP,SP,MS,AR,EN,FA,1,231
88.552742,M,1,OD,OD,AR,IN,MI,EN,1,232
88.525871,M,2,MI,MI,AR,IN,MP,QM,2,233
88.507156,M,1,IN,IN,EN,MI,AR,QM,1,234
88.500168,M,2,IN,IN,SC,AR,EN,AG,2,235
88.491943,M,1,IN,IN,AR,EN,FA,MP,1,236
88.491852,M,1,EN,EN,SC,IN,MS,AR,2,237
88.479385,M,1,MP,MP,MS,MI,IN,AG,2,238
88.472046,M,1,MS,MS,MI,AR,IN,MP,1,239
88.470917,M,4,EN,EN,AV,MP,AG,FI,1,240
88.456856,M,1,MI,MI,AR,MP,SC,EN,1,241
88.43293,M,1,IN,IN,AR,EN,FA,SC,1,242
88.43206,F,1,MI,MI,EN,MS,FI,OD,1,243
88.415268,M,1,AR,AR,FA,EN,AV,IN,4,244
88.396751,M,1,IN,IN,EN,AR,OD,AG,2,245
88.395859,F,1,MS,MS,SC,MI,TC,QM,4,246
88.394302,M,1,AV,AV,EN,AR,FA,MI,1,247
88.392403,M,1,SP,SP,MS,MI,FA,AR,3,248
88.385384,M,1,IN,IN,AR,MI,EN,MP,4,249
88.379135,M,1,AV,AV,MI,IN,EN,MS,1,250
88.375374,M,1,EN,EN,AR,SC,MI,IN,2,251
88.371307,M,1,AV,AV,MI,AR,MP,EN,1,252
88.366058,M,1,AV,AV,MS,AD,MI,SC,1,253
88.335602,M,1,CM,CM,EN,MI,FI,MP,4,254
88.330376,M,1,AV,AV,IN,AR,EN,MI,2,255
88.328217,M,1,AV,AV,EN,IN,AR,MP,4,256
88.309807,M,1,IN,IN,AR,FA,EN,MI,1,257
88.299416,M,4,AV,AV,QM,EN,MI,AD,1,258
88.246559,M,1,AV,AV,AR,SC,IN,EN,1,259
88.245461,M,4,MI,MI,IN,AR,EN,MP,1,260
88.203766,M,1,IN,IN,AR,FA,EN,AD,1,261
88.197121,M,1,IN,IN,EN,AR,MP,SC,1,262
88.183907,M,1,MI,MI,SC,FA,AG,OD,1,263
88.177864,M,3,MI,MI,SC,EN,MP,AG,1,264
88.172951,M,1,AR,AR,IN,EN,MI,FA,4,265
88.157211,M,1,AR,AR,FA,EN,MP,IN,1,266
88.147522,M,1,IN,IN,AR,MI,TC,EN,2,267
88.136284,M,1,MS,MS,EN,AD,FA,MI,1,268
88.132004,M,1,IN,IN,AR,EN,AD,FA,1,269
88.130074,M,1,MI,MI,IN,AR,MS,SC,1,270
88.118347,M,1,AV,AV,IN,AR,MI,MP,1,271
88.115402,M,2,MS,MS,AR,SC,EN,MP,1,272
88.067879,F,1,AG,AG,MS,QM,SC,MP,1,273
88.066734,F,1,MI,MI,SC,EN,MP,AD,3,274
88.031929,M,1,MI,MI,AR,EN,IN,FA,1,275
88.003235,M,1,AV,AV,MI,IN,QM,AR,2,276
87.997108,F,1,MI,MI,SC,AG,MP,FI,1,277
87.996887,M,1,IN,IN,EN,FA,AD,AR,2,278
87.959885,M,1,IN,IN,EN,AR,MP,OD,1,279
87.950356,F,1,AV,AV,MI,EN,MP,FA,3,280
87.949181,F,1,AG,AG,FI,EN,MI,CM,2,281
87.907188,M,1,AG,AG,MS,QM,AR,MI,1,282
87.862717,M,1,MP,MP,IN,AR,FA,EN,1,283
87.860847,M,1,IN,IN,AR,EN,MI,FA,1,284
87.858261,M,2,SC,SC,IN,AR,EN,MI,1,285
87.847908,M,5,IN,IN,AR,MI,EN,MP,1,286
87.816551,M,1,IN,IN,AR,MS,EN,MP,4,287
87.80526,M,1,IN,IN,MI,EN,FA,MP,1,288
87.786453,M,1,IN,IN,AR,MI,SC,EN,2,289
87.781898,F,1,MS,MS,SC,EN,MP,MI,1,290
87.770386,M,1,AV,AV,MS,AR,MP,MI,1,291
87.765312,M,3,IN,IN,MI,SC,AR,MP,1,292
87.764931,M,1,AV,AV,EN,MP,MI,SC,2,293
87.764366,M,1,AV,AV,MI,AR,FA,AD,2,294
87.686462,M,1,IN,IN,AR,EN,MI,FA,2,295
87.684151,M,1,IN,IN,EN,FA,MI,FI,1,296
87.681946,M,1,IN,IN,EN,MI,FA,FI,2,297
87.671646,M,1,IN,IN,AR,EN,MP,FA,1,298
87.670189,M,1,SC,SC,EN,IN,MI,AR,2,299
87.669083,M,1,IN,IN,AR,FA,EN,MP,1,300
87.656059,F,2,AG,AG,QM,FI,FA,MI,1,301
87.615013,M,1,SC,SC,MI,AG,IN,EN,1,302
87.602097,M,1,AV,AV,MS,FI,AG,MI,2,303
87.595444,M,2,MS,MS,AG,QM,FA,MP,2,304
87.595299,M,1,IN,IN,EN,AR,MP,CM,1,305
87.594574,M,1,AR,AR,MI,FA,IN,FI,1,306
87.563354,M,2,AR,AR,SC,MI,TC,QM,2,307
87.46981,M,1,IN,IN,AR,EN,MI,FA,1,308
87.454048,M,1,EN,EN,SC,AR,TC,AD,2,309
87.4263,M,1,EN,EN,SC,OD,AD,QM,4,310
87.407593,M,1,MS,MS,QM,AG,EN,TC,1,311
87.403671,M,1,AG,AG,MI,SC,AD,MS,2,312
87.380066,M,1,AR,AR,MI,EN,OD,MP,1,313
87.374184,F,1,EN,EN,OD,AD,QM,SC,1,314
87.371391,F,2,AV,AV,MI,MS,QM,SC,1,315
87.356956,M,1,IN,IN,AR,MI,EN,SC,1,316
87.353775,M,1,AR,AR,MI,FA,IN,MP,1,317
87.349312,M,1,IN,IN,AR,MI,FA,AD,1,318
87.342865,M,1,MI,MI,AG,MS,EN,FA,1,319
87.335274,F,1,MI,MI,SC,MP,MS,AG,1,320
87.317207,M,1,MP,MP,MI,AR,FA,TC,1,321
87.287575,M,1,AV,AV,MI,IN,EN,SC,4,322
87.276299,M,1,IN,IN,MI,FA,AR,OD,1,323
87.271233,M,1,MP,MP,IN,AR,EN,MS,1,324
87.266068,M,4,MS,MS,SC,FI,AD,AG,2,325
87.245445,M,1,AR,AR,FA,MI,EN,QM,1,326
87.22438,M,1,MS,MS,QM,SC,IN,MI,1,327
87.191101,M,1,MI,MI,SC,TC,FA,AD,1,328
87.189003,M,1,IN,IN,AR,EN,FA,AD,4,329
87.175255,M,1,IN,IN,AR,FA,MI,MP,2,330
87.163681,M,1,IN,IN,AR,FA,EN,MI,3,331
87.157478,F,4,AG,AG,MI,SC,MS,FI,2,332
87.139404,M,1,MI,MI,IN,FA,EN,MS,1,333
87.12542,M,1,AV,AV,MS,MI,EN,IN,4,334
87.124786,M,1,MP,MP,FA,AR,EN,AD,1,335
87.122925,M,1,AV,AV,MI,MS,IN,AR,3,336
87.11924,M,1,IN,IN,AR,EN,MI,FA,2,337
87.102486,M,1,AR,AR,IN,EN,FA,AD,1,338
87.098373,M,1,MS,MS,EN,IN,AR,FA,3,339
87.088875,F,1,MP,MP,EN,MS,TC,QM,1,340
87.087029,M,1,AV,AV,EN,MI,IN,AR,3,341
87.086449,M,1,MP,MP,AR,EN,IN,FA,2,342
87.07003,M,3,MS,MS,SC,AG,AR,MI,1,343
87.044487,M,1,IN,IN,MI,AR,EN,FA,1,344
87.029762,M,1,MS,MS,MI,EN,SC,AG,3,345
87.014641,M,1,EN,EN,MI,SC,MP,IN,4,346
87.009918,M,1,IN,IN,AR,MI,EN,FA,1,347
86.992981,M,1,MI,MI,IN,EN,AR,MP,2,348
86.968597,M,1,IN,IN,EN,MP,AR,MI,1,349
86.957603,M,2,AV,AV,MS,MI,MP,AR,2,350
86.956696,M,1,QM,QM,FI,AG,EN,SC,2,351
86.955429,M,2,MS,MS,MI,FI,EN,IN,1,352
86.934898,M,1,EN,EN,IN,MP,AR,TC,4,353
86.927536,M,1,AR,AR,MI,EN,IN,SC,1,354
86.914383,M,1,MP,MP,AR,FA,IN,AD,1,355
86.89975,M,2,IN,IN,AR,EN,FA,MP,1,356
86.898865,M,1,MS,MS,MI,SC,EN,FI,2,357
86.889969,M,2,AR,AR,MP,QM,FA,SC,2,358
86.884132,M,1,MI,MI,AR,IN,MP,FA,1,359
86.881836,M,5,EN,EN,AR,MI,MP,CM,1,360
86.842026,M,3,MS,MS,AG,QM,AD,FI,3,361
86.839867,M,1,AR,AR,SC,AD,EN,MP,1,362
86.837921,M,1,AR,AR,IN,FA,EN,MP,1,363
86.837791,M,1,QM,QM,SC,MS,AR,OD,1,364
86.827271,M,1,MS,MS,AV,MI,AR,FA,1,365
86.817284,M,1,AR,AR,EN,MI,FA,MP,2,366
86.816078,F,1,SC,SC,MI,EN,MS,MP,4,367
86.813812,M,1,MI,MI,IN,AR,EN,SC,1,368
86.791565,M,3,MS,MS,AG,FI,AD,QM,1,369
86.791412,M,1,MP,MP,EN,SC,MI,AG,1,370
86.787918,M,1,AR,AR,MP,FA,IN,EN,1,371
86.770798,M,1,AR,AR,MI,FA,MP,OD,2,372
86.770676,M,1,SC,SC,AR,EN,FA,MI,2,373
86.747276,M,1,IN,IN,EN,AR,FI,TC,4,374
86.725967,F,3,MS,MS,AG,FI,QM,MI,2,375
86.720299,M,4,IN,IN,AR,EN,MI,FA,1,376
86.715012,F,1,MI,MI,MP,MS,SC,EN,2,377
86.698402,F,1,MS,MS,AG,FI,MI,SC,1,378
86.68425,M,1,IN,IN,MI,EN,FI,AR,2,379
86.674683,M,1,OD,OD,AR,MP,EN,MI,1,380
86.670212,M,3,AG,AG,MS,QM,EN,TC,1,381
86.661667,F,1,AD,AD,EN,FA,MI,MP,4,382
86.650459,M,4,AR,AR,MP,EN,FA,AD,1,383
86.644836,F,1,MS,MS,AV,FI,EN,MI,2,384
86.632515,M,1,AV,AV,AR,IN,EN,AD,3,385
86.602112,M,1,MI,MI,CM,MS,EN,FA,1,386
86.593987,M,1,IN,IN,MI,EN,FA,SC,4,387
86.583809,M,1,MI,MI,EN,IN,AR,SC,1,388
86.578812,M,1,IN,IN,AR,FA,EN,MI,1,389
86.57019,M,1,IN,IN,EN,AR,MI,FA,3,390
86.564949,M,1,MI,MI,IN,AR,MP,EN,1,391
86.564667,M,2,MS,MS,FI,EN,SC,MI,2,392
86.527885,M,1,IN,IN,AR,EN,SC,FA,2,393
86.503738,M,1,MI,MI,FA,EN,MP,SC,1,394
86.498642,M,1,MI,MI,IN,SC,MP,FI,2,395
86.495209,F,1,FI,FI,QM,MP,AG,MI,2,396
86.492477,M,1,FI,FI,AR,QM,MI,FA,2,397
86.487,M,1,AV,AV,MI,MS,AD,QM,3,398
86.46212,M,1,AG,AG,SC,EN,MS,OD,1,399
86.458321,M,1,IN,IN,MI,AR,FA,EN,1,400
86.442085,M,1,AV,AV,AR,IN,MI,EN,3,401
86.43055,M,1,AR,AR,MI,EN,IN,FA,2,402
86.414734,M,1,AR,AR,IN,MP,EN,FA,2,403
86.395042,M,1,AV,AV,IN,MS,EN,MI,1,404
86.393486,M,1,AV,AV,IN,EN,SC,AR,4,405
86.3815,F,1,MI,MI,SC,EN,MS,MP,1,406
86.381172,M,1,IN,IN,MI,EN,AR,FA,3,407
86.37738,M,1,CM,CM,EN,IN,MI,SC,3,408
86.369041,M,1,OD,OD,AR,IN,MP,FA,1,409
86.316521,F,1,EN,EN,MI,OD,SC,QM,1,410
86.310997,M,1,EN,EN,SC,OD,MI,AR,1,411
86.270821,M,1,IN,IN,SC,AR,MI,MP,2,412
86.253815,M,1,FA,FA,AR,IN,OD,CM,1,413
86.251129,M,1,MS,MS,SC,FA,AR,QM,3,414
86.250427,M,1,AR,AR,IN,EN,FA,SC,4,415
86.248268,M,1,MI,MI,IN,MP,EN,AG,1,416
86.245735,F,1,MI,MI,AG,MS,MP,FI,1,417
86.244896,M,1,MI,MI,SC,FA,AR,MP,3,418
86.244347,M,1,QM,QM,EN,AR,MS,IN,1,419
86.243652,M,1,AR,AR,MI,EN,FA,MP,1,420
86.238327,M,3,AG,AG,MS,MI,EN,QM,1,421
86.226013,M,1,IN,IN,EN,AR,MS,FA,1,422
86.202988,M,1,MS,MS,SC,AR,MI,OD,1,423
86.202705,M,1,AV,AV,MS,MI,QM,SC,1,424
86.199669,M,1,MI,MI,AR,IN,MP,EN,1,425
86.193207,M,1,MP,MP,AR,EN,AV,MI,2,426
86.169701,M,1,AV,AV,AR,EN,FA,MP,1,427
86.160057,M,1,IN,IN,FA,AR,EN,AD,1,428
86.154671,F,1,QM,QM,AG,SC,OD,TC,2,429
86.145126,M,1,AV,AV,MP,MI,EN,AR,1,430
86.12925,M,1,SC,SC,IN,AR,MP,EN,2,431
86.117683,F,5,MI,MI,SC,MS,FI,OD,2,432
86.114876,M,1,IN,IN,AR,FA,EN,MI,1,433
86.079399,F,1,MP,MP,MI,MS,SC,QM,1,434
86.072472,M,1,IN,IN,AR,EN,FA,FI,2,435
86.067642,M,2,MS,MS,QM,IN,SC,EN,1,436
86.030617,M,1,AR,AR,IN,FA,AD,MI,1,437
86.020401,M,1,IN,IN,EN,AR,MP,MI,1,438
86.01049,M,1,IN,IN,MI,SC,EN,AR,1,439
85.999634,M,1,AV,AV,FA,AR,SC,MI,2,440
85.984756,M,1,AG,AG,MS,QM,AD,MP,2,441
85.983696,M,1,MS,MS,AV,MI,SC,OD,1,442
85.972061,F,1,MP,MP,EN,AD,CM,FA,3,443
85.965385,M,1,AR,AR,EN,MI,AD,IN,4,444
85.96347,M,1,IN,IN,AR,FA,EN,MP,3,445
85.962982,M,1,IN,IN,FA,AR,EN,MI,1,446
85.95813,M,1,AR,AR,IN,MP,EN,MS,1,447
85.957397,M,1,MI,MI,SC,AR,MP,IN,1,448
85.954681,M,1,IN,IN,EN,AR,MI,FA,1,449
85.943504,M,1,IN,IN,AR,FA,EN,MP,2,450
85.941887,M,1,IN,IN,MI,EN,FA,SC,2,451
85.940544,M,2,MI,MI,MP,AR,IN,FA,1,452
85.924942,M,1,MI,MI,AR,MP,IN,EN,1,453
85.919991,M,1,AV,AV,MS,EN,MP,MI,2,454
85.88932,F,1,MI,MI,MP,EN,AD,SC,1,455
85.8778,M,1,MI,MI,IN,AR,FA,MP,1,456
85.867462,M,1,AR,AR,FA,EN,IN,MI,2,457
85.863068,M,1,EN,EN,QM,OD,AD,AR,4,458
85.851845,F,1,EN,EN,SC,MS,MP,CM,3,459
85.849426,M,1,EN,IN,EN,AR,MI,MP,1,460
85.835777,M,2,IN,IN,MI,SC,FI,EN,1,461
85.829704,M,1,MI,MI,IN,EN,FI,AR,1,462
85.825249,M,1,AR,IN,AR,EN,FA,MP,2,463
85.82457,M,1,MS,MS,TC,OD,FA,QM,1,464
85.821114,M,1,FA,FA,SC,IN,MI,EN,1,465
85.814766,M,1,MI,IN,MI,AR,FA,MP,1,466
85.805466,M,1,EN,IN,EN,AR,MP,FA,2,467
85.804207,M,1,AR,IN,AR,FA,AD,EN,1,468
85.79454,F,1,AG,AG,MI,MS,QM,EN,2,469
85.782463,M,1,AV,AV,IN,EN,MS,MI,3,470
85.7789,M,1,AD,AD,FA,AR,MP,EN,3,471
85.730965,M,1,AV,AV,IN,MP,FA,AR,2,472
85.721214,M,1,MI,MI,IN,EN,SC,AR,1,473
85.71302,M,1,MI,MI,SC,MS,AR,QM,1,474
85.711754,M,1,MI,MI,AR,EN,FA,MP,1,475
85.703453,M,2,SC,SC,AG,AR,FI,QM,2,476
85.694115,M,4,IN,IN,AR,EN,FA,MP,2,477
85.672134,M,1,MI,IN,MI,TC,AR,EN,1,478
85.670586,M,1,TC,TC,QM,EN,MS,FA,1,479
85.643974,M,2,AV,AV,AR,FA,IN,MI,2,480
85.634598,M,1,EN,EN,MI,SC,FA,AR,1,481
85.601402,M,1,EN,IN,EN,SC,FA,CM,1,482
85.59774,M,1,AG,AG,MS,QM,EN,OD,1,483
85.593872,M,1,AV,AV,FA,MP,MS,IN,2,484
85.590454,M,1,AV,AV,MS,QM,OD,AD,2,485
85.57888,M,1,EN,EN,AR,FA,MI,MP,1,486
85.564018,M,2,IN,IN,AR,EN,FA,MI,1,487
85.548302,M,1,AR,IN,AR,MP,MI,EN,1,488
85.543793,M,4,AR,AR,EN,FA,IN,MP,1,489
85.543434,M,1,IN,IN,MI,EN,FA,AD,1,490
85.527489,M,1,MI,MI,IN,AR,EN,MP,1,491
85.515053,M,1,MP,MP,EN,AG,AR,MS,1,492
85.513329,M,1,IN,IN,EN,OD,SC,MI,1,493
85.502632,M,1,IN,IN,EN,MI,AR,MP,4,494
85.494804,M,1,AV,AV,MS,SC,TC,MP,1,495
85.492897,M,1,EN,EN,AV,AR,MI,FA,1,496
85.472031,F,1,MS,MS,MP,SC,MI,EN,1,497
85.469475,M,1,EN,EN,MP,SC,TC,OD,1,498
85.468948,F,1,AG,AG,MS,MI,QM,FI,3,499
85.468414,M,1,AR,AR,EN,SC,MI,IN,2,500
85.44326,M,1,AR,AR,FA,EN,IN,SC,1,501
85.435791,M,1,MI,MI,AD,AR,IN,AG,1,502
85.397057,F,1,MS,MS,EN,OD,AG,MI,4,503
85.395302,M,1,MS,AV,MS,AR,SC,EN,2,504
85.387421,M,1,AV,AV,MS,MP,AR,AD,1,505
85.373482,M,1,EN,IN,EN,FA,MP,MS,1,506
85.369263,M,1,FI,FI,AG,QM,EN,MI,1,507
85.367271,M,1,MS,MS,EN,FA,AR,AG,1,508
85.364983,M,1,AR,AR,MI,EN,IN,MP,1,509
85.345612,M,1,IN,IN,AR,FA,MI,MP,1,510
85.334106,M,1,MI,MI,IN,MP,FA,EN,1,511
85.32962,M,1,AR,AR,MI,FA,IN,AV,1,512
85.324951,F,1,MS,MS,MI,EN,MP,OD,1,513
85.323868,M,2,MS,MS,AG,QM,AR,TC,1,514
85.321884,M,1,MI,MI,FA,MP,IN,EN,3,515
85.321129,M,1,EN,EN,AD,MP,FA,AR,1,516
85.321129,M,4,EN,EN,IN,MI,MS,AV,1,517
85.319733,M,1,MI,MI,AR,EN,FA,MP,1,518
85.319717,M,1,MS,AV,MS,EN,AR,IN,4,519
85.30986,M,1,MP,AV,MP,MS,AR,MI,1,520
85.308647,M,1,IN,IN,EN,AR,MP,SC,1,521
85.306839,M,1,AV,AV,MS,AR,EN,SC,1,522
85.305519,M,1,AR,AR,MI,EN,MP,MS,1,523
85.273079,F,1,MP,MP,TC,EN,SC,MI,1,524
85.262955,M,1,EN,EN,MI,AV,IN,AR,1,525
85.259148,M,1,EN,EN,AR,AD,SC,FA,4,526
85.255486,M,1,EN,EN,AR,MI,FA,SC,4,527
85.246033,M,1,AV,AV,AR,FA,EN,MP,1,528
85.233475,M,3,MI,MI,SC,EN,AR,MP,1,529
85.229843,M,1,AV,AV,MS,AR,SC,AD,1,530
85.208672,M,1,IN,IN,FA,AR,MI,MP,1,531
85.183243,M,1,AV,AV,MS,MI,AR,MP,1,532
85.180931,M,2,MI,MI,EN,SC,IN,MP,1,533
85.151009,M,1,MI,MI,IN,MP,FA,AR,1,534
85.150909,M,1,MI,MI,IN,MP,SC,EN,1,535
85.142311,M,1,MS,MS,MI,AG,AR,OD,1,536
85.114639,F,1,EN,AV,EN,SC,MS,MP,3,537
85.094429,M,4,IN,IN,AR,FA,EN,AG,1,538
85.094193,M,4,IN,IN,AR,MP,FA,OD,1,539
85.093109,M,1,MI,MI,MP,AR,TC,IN,1,540
85.087074,M,1,IN,IN,SC,AR,EN,FA,1,541
85.07933,M,1,FI,FI,IN,MI,SC,AR,1,542
85.070511,M,1,EN,EN,AR,MP,FA,MS,1,543
85.040276,M,1,MI,MI,EN,AD,MP,AR,1,544
85.009499,M,1,AR,AR,SC,IN,MI,EN,1,545
84.999962,M,1,IN,IN,AR,EN,MP,SC,1,546
84.995148,M,3,MP,MP,IN,EN,AR,MI,1,547
84.985229,M,1,FI,FI,QM,SC,AR,AG,2,548
84.981415,M,1,SP,SP,MS,AR,EN,IN,2,549
84.975304,M,1,EN,EN,AR,FA,OD,CM,4,550
84.974159,F,4,MS,MS,EN,MP,QM,MI,3,551
84.96653,M,2,AD,AD,MI,SC,TC,OD,1,552
84.940063,M,1,AR,AR,MI,FA,SC,MS,1,553
84.935127,M,1,MP,MP,AR,EN,IN,SC,2,554
84.924988,M,1,IN,IN,MI,AR,FI,MP,3,555
84.91674,F,4,MI,MI,MS,SC,AG,OD,1,556
84.901718,M,2,IN,IN,EN,FA,AR,MP,1,557
84.88768,M,1,MS,MS,MP,IN,EN,AR,1,558
84.879051,M,1,QM,QM,AG,AD,FI,OD,1,559
84.864388,F,1,AV,AV,MP,MI,MS,EN,1,560
84.847221,M,1,AV,AV,EN,FA,AR,IN,1,561
84.842911,M,1,MS,MS,OD,AG,AD,TC,1,562
84.838455,M,3,FI,FI,MI,QM,AD,AG,2,563
84.833817,M,1,IN,IN,AR,EN,FA,MP,1,564
84.82093,M,1,IN,IN,EN,AR,FA,MP,2,565
84.819092,M,1,AV,AV,IN,MS,AR,EN,2,566
84.812462,M,1,MI,MI,IN,AR,FA,EN,3,567
84.803329,M,1,QM,QM,SC,MI,EN,MS,2,568
84.795456,M,1,AV,AV,MI,MS,SC,AG,1,569
84.789124,M,1,IN,IN,EN,AR,MP,SC,1,570
84.788803,M,1,EN,EN,IN,FA,CM,AD,4,571
84.782219,M,1,MI,MI,AR,SC,IN,MP,1,572
84.782204,M,1,FA,IN,FA,SC,AD,AR,1,573
84.781593,F,1,AV,AV,MS,EN,MP,SC,1,574
84.725494,M,1,AV,AV,IN,SC,MI,AR,2,575
84.720901,M,1,IN,IN,AR,MI,EN,MP,2,576
84.707741,M,1,IN,IN,AR,EN,MP,FA,1,577
84.682678,M,1,MS,MS,MP,MI,EN,AG,2,578
84.682396,M,1,EN,EN,AR,FA,MI,SC,2,579
84.672493,F,1,AG,AG,SC,MP,MS,FI,2,580
84.667953,M,1,IN,IN,AR,FA,MP,EN,1,581
84.664551,M,3,MS,MS,MI,IN,SC,AG,1,582
84.659325,M,1,IN,IN,MI,EN,AR,FA,3,583
84.656799,M,2,IN,IN,MI,AR,EN,MP,1,584
84.644958,M,1,MI,MI,IN,AR,FA,EN,2,585
84.624054,M,3,IN,IN,MI,AR,SC,MS,2,586
84.621674,F,1,EN,EN,SC,AG,MP,QM,1,587
84.619072,M,1,MS,MS,AG,FI,EN,QM,1,588
84.615364,M,1,EN,EN,SC,AR,CM,MS,2,589
84.595566,M,4,QM,QM,MI,EN,AG,SC,1,590
84.591331,F,1,AV,AV,MI,MS,MP,CM,1,591
84.590767,M,1,IN,IN,AR,MP,EN,FA,1,592
84.577972,M,1,IN,IN,AR,EN,FA,MI,1,593
84.560104,F,1,MS,MS,AG,QM,OD,FI,1,594
84.550568,M,3,MS,MS,MI,AG,AR,QM,1,595
84.549881,M,1,FA,FA,IN,AR,EN,MI,1,596
84.539207,M,1,AV,AV,AR,MI,AD,FA,1,597
84.539032,M,1,IN,IN,AR,MI,EN,MP,1,598
84.537857,M,1,SC,SC,EN,TC,AR,FA,1,599
84.534538,F,1,EN,EN,MP,TC,SC,MI,4,600
84.518875,M,1,MI,MI,IN,AR,EN,SC,1,601
84.510246,M,1,AR,AR,MI,FA,IN,EN,2,602
84.486908,M,1,MI,IN,MI,EN,AR,FA,1,603
84.481262,M,1,AV,AV,MS,AR,EN,MI,1,604
84.476471,M,1,AR,AR,EN,QM,MP,SC,2,605
84.474312,M,1,AV,AV,MI,AR,SC,MP,1,606
84.473557,M,1,MP,MP,EN,MI,AR,IN,2,607
84.468811,M,2,EN,EN,MI,MP,AR,IN,3,608
84.456856,M,1,TC,TC,OD,MS,EN,QM,2,609
84.451317,M,1,EN,EN,AR,IN,MI,FA,1,610
84.439384,M,1,SC,SC,MP,MI,IN,EN,2,611
84.432861,M,2,SC,IN,SC,AR,MI,EN,1,612
84.427422,F,1,MS,MS,EN,SC,AG,OD,2,613
84.424103,F,2,MS,MS,AG,SC,EN,FI,1,614
84.421883,M,2,EN,EN,MI,CM,AR,SC,3,615
84.419746,M,1,FA,FA,AR,IN,SC,EN,4,616
84.409187,M,1,FA,FA,MI,IN,AR,SC,1,617
84.40799,M,1,AV,AV,IN,AR,EN,MP,1,618
84.406586,M,1,MI,MI,MP,SC,IN,AR,1,619
84.395226,F,2,EN,EN,SC,QM,MS,MI,3,620
84.390656,M,2,MS,MS,AG,FI,FA,QM,2,621
84.382484,M,1,IN,IN,AR,MP,MI,FA,1,622
84.378822,M,1,IN,IN,EN,AR,MI,MP,4,623
84.377052,M,1,EN,AV,EN,AD,MP,AR,4,624
84.371651,M,3,MI,MI,AG,MS,AR,MP,1,625
84.371643,M,1,IN,IN,AR,MP,EN,MI,2,626
84.3647,M,3,MS,MS,SC,MI,EN,MP,2,627
84.352539,M,1,MI,AV,IN,MI,AR,EN,3,628
84.352249,M,1,IN,IN,SC,MP,FA,EN,1,629
84.349487,M,1,MS,MS,QM,AD,OD,TC,1,630
84.347466,M,4,MI,MI,IN,AR,SC,EN,1,631
84.33876,M,1,IN,IN,AR,FA,EN,MP,1,632
84.319885,M,1,IN,IN,MI,EN,MP,FA,2,633
84.317223,M,1,MS,AV,MS,FA,CM,MP,1,634
84.3116,M,1,MP,MP,MI,AR,IN,MS,1,635
84.306046,M,1,IN,IN,FA,AR,AD,EN,3,636
84.290764,M,1,EN,EN,AR,SC,IN,FA,1,637
84.289452,M,1,MI,AV,MI,AR,MP,OD,1,638
84.288666,M,2,MI,IN,MI,AR,FA,EN,1,639
84.277756,M,1,SC,SC,AD,MI,OD,AG,2,640
84.273987,F,2,AG,AG,MS,SC,EN,TC,1,641
84.255821,M,1,TC,TC,IN,MS,QM,MI,2,642
84.253433,M,1,QM,QM,MS,TC,AR,FI,2,643
84.237747,M,1,MI,MI,SC,EN,MS,MP,2,644
84.227814,M,5,MP,MP,MS,AR,EN,CM,1,645
84.22477,M,1,AR,AV,AR,EN,SC,MP,1,646
84.220581,M,1,AR,AR,EN,MI,MP,IN,1,647
84.21859,M,1,EN,EN,IN,AR,MP,TC,4,648
84.207802,M,4,IN,IN,EN,FA,AR,SC,1,649
84.198486,M,1,EN,IN,EN,AR,MI,FA,4,650
84.191826,F,1,MI,MI,AG,SC,FI,QM,1,651
84.189644,M,1,MS,MS,MI,EN,MP,SC,3,652
84.180702,M,1,AR,AR,MI,EN,IN,SC,1,653
84.174393,M,1,AR,AR,MP,IN,FA,EN,1,654
84.168709,M,1,SC,IN,SC,EN,MS,AR,3,655
84.165947,M,4,SC,SC,IN,EN,MP,MI,1,656
84.163338,M,1,MI,MI,MS,SC,AD,MP,1,657
84.148849,F,1,MP,MP,MI,QM,AG,MS,1,658
84.142067,M,1,MI,MI,MP,AR,IN,FA,3,659
84.127998,M,1,IN,IN,MI,MP,AR,FA,1,660
84.115326,F,1,MP,MP,MI,EN,FA,MS,1,661
84.105736,M,1,MP,MP,AR,MI,AD,FA,2,662
84.105553,M,1,MI,IN,MI,SC,EN,AR,2,663
84.100807,F,1,MS,MS,EN,MP,MI,AD,1,664
84.095329,M,1,IN,IN,AR,FA,MI,MP,1,665
84.092041,M,1,AR,AR,IN,EN,MP,MS,1,666
84.088219,M,1,MS,AV,MS,MP,MI,EN,1,667
84.086861,M,1,EN,EN,FA,MP,AR,OD,4,668
84.086555,M,1,EN,EN,FA,MI,IN,AD,4,669
84.079758,M,1,IN,IN,EN,FA,MI,AR,4,670
84.071854,M,1,IN,IN,EN,AR,MP,FA,4,671
84.030655,M,1,MS,MS,MI,QM,AD,IN,2,672
84.016632,M,1,AR,AV,AR,EN,FA,MI,1,673
84.010704,M,1,EN,IN,AR,EN,FA,AD,1,674
84.00946,M,4,AD,AD,TC,QM,EN,AR,1,675
83.999809,M,1,AR,IN,AR,FA,MI,AD,1,676
83.984695,M,1,EN,EN,MP,FA,IN,AR,1,677
83.968109,M,1,MI,MI,SC,MP,IN,EN,1,678
83.96788,F,1,MP,AV,MP,EN,MI,MS,1,679
83.93531,F,1,MP,MP,MI,SC,EN,MS,1,680
83.934998,M,1,MI,MI,EN,AD,FA,OD,1,681
83.930527,M,1,MS,MS,MI,EN,SC,CM,3,682
83.919693,F,1,MI,MI,MS,SC,AG,EN,2,683
83.916145,M,1,SC,AR,SC,FA,MP,MS,1,684
83.914238,F,1,MI,MI,AG,QM,OD,MP,1,685
83.912582,M,1,FA,AR,FA,SC,IN,MI,1,686
83.907104,M,4,CM,CM,AR,EN,IN,QM,3,687
83.884789,M,1,SC,SC,EN,AD,MI,OD,3,688
83.878044,F,1,MI,MI,EN,SC,FA,MP,1,689
83.87793,M,1,FI,FI,MI,AR,MS,SC,2,690
83.872421,M,2,SC,SC,FI,AG,EN,MI,3,691
83.86731,M,1,MI,MI,IN,EN,AR,FI,2,692
83.803497,M,2,EN,EN,MP,IN,MI,AR,1,693
83.800652,M,1,FA,FA,AD,EN,MI,AR,4,694
83.790588,F,1,EN,EN,MI,AG,MS,OD,1,695
83.78949,M,1,AR,AV,AR,EN,MS,IN,1,696
83.785889,M,1,MI,MI,EN,MP,AR,TC,1,697
83.759598,M,1,MI,MI,IN,EN,SC,QM,1,698
83.756905,M,1,EN,EN,SC,OD,FA,TC,4,699
83.755508,M,1,QM,QM,AG,MS,FA,FI,2,700
83.751953,M,1,MI,MI,FA,AD,IN,AR,1,701
83.747566,M,1,MP,AR,IN,MP,FA,EN,2,702
83.741013,M,1,MI,MI,MP,IN,SC,EN,1,703
83.739632,M,1,MI,MI,EN,FA,AR,MP,1,704
83.69606,M,1,AR,AV,AR,SC,MS,IN,3,705
83.693481,M,1,AR,AR,MI,MP,TC,QM,1,706
83.68589,M,1,MS,AV,MS,QM,AG,SC,1,707
83.674103,F,1,MI,MI,FI,MS,MP,QM,2,708
83.656219,M,1,EN,IN,EN,AR,FA,MP,1,709
83.655579,M,1,MS,AV,MS,MP,AR,IN,1,710
83.636635,F,1,MI,MI,QM,EN,MP,AG,1,711
83.630684,F,1,MP,MP,MI,EN,QM,OD,1,712
83.630074,M,1,AR,IN,AR,SC,MP,FA,1,713
83.617477,M,1,MP,MP,MI,AR,TC,EN,1,714
83.610962,M,1,MI,MI,AR,MP,FA,EN,1,715
83.597794,M,1,MI,AR,MI,IN,TC,SC,1,716
83.596146,M,1,AG,AG,FI,QM,AD,TC,1,717
83.588882,M,1,FA,FA,AR,MP,EN,FI,1,718
83.568657,M,3,MS,MS,AG,QM,AD,OD,1,719
83.566734,M,1,MI,MI,FA,SC,EN,AR,1,720
83.563507,F,4,MS,MS,AG,FI,QM,EN,1,721
83.562019,M,1,MI,MI,AR,MP,EN,IN,1,722
83.561684,M,2,MS,AV,MS,MP,FA,EN,1,723
83.560066,M,1,QM,QM,FA,MI,AD,TC,1,724
83.557373,M,1,EN,EN,IN,QM,CM,MI,3,725
83.554901,M,1,AR,AR,MP,MS,IN,FA,1,726
83.547981,M,1,MI,MI,AR,SC,AG,AD,1,727
83.544174,M,1,EN,EN,IN,AR,MP,TC,4,728
83.528305,F,2,MP,MP,SC,MI,TC,QM,1,729
83.49971,M,2,FA,IN,FA,OD,EN,MP,1,730
83.493011,M,1,MS,MS,AG,CM,AD,SC,1,731
83.489876,M,1,EN,IN,EN,AR,FA,MI,3,732
83.467735,M,1,AR,IN,AR,FA,EN,AV,1,733
83.462242,M,1,EN,EN,IN,AR,MP,AD,4,734
83.450127,M,1,MP,IN,AR,MP,EN,FA,1,735
83.446732,M,1,MI,IN,MI,EN,MS,MP,3,736
83.439209,M,1,MS,MS,SC,TC,AR,MI,2,737
83.422752,M,4,EN,IN,EN,AR,SC,TC,2,738
83.418526,M,1,EN,AV,EN,MI,AR,QM,4,739
83.417679,M,1,MI,MI,IN,AR,EN,FA,2,740
83.414207,M,1,MI,MI,IN,AR,EN,FA,1,741
83.411018,M,3,SC,SC,MI,IN,QM,FA,2,742
83.404701,M,1,MI,AR,MI,EN,AD,FA,1,743
83.392776,M,1,AR,AR,MP,MI,IN,SC,1,744
83.392723,M,2,EN,IN,AR,EN,FA,AD,1,745
83.391335,M,1,EN,AR,EN,MI,IN,FA,1,746
83.390839,M,1,MS,MS,AR,FA,SC,MP,3,747
83.390572,M,1,MI,IN,AR,MI,EN,FA,1,748
83.387665,M,1,MI,MI,AR,EN,IN,MP,1,749
83.360832,M,1,FA,FA,AR,MP,IN,MI,1,750
83.359154,M,1,MS,AV,MS,IN,AR,EN,1,751
83.351791,F,1,MS,MS,SC,MI,EN,MP,1,752
83.350258,M,1,FA,AR,FA,AD,TC,MI,1,753
83.324745,F,1,MP,MP,MI,MS,EN,FA,3,754
83.319962,M,1,AR,AR,MI,MS,IN,MP,1,755
83.313873,M,1,EN,EN,TC,FA,AR,MP,1,756
83.313515,M,1,AR,AR,EN,MI,FA,MP,1,757
83.295425,M,1,MI,MI,SC,MP,AR,QM,1,758
83.261192,M,4,EN,IN,EN,MS,MP,FA,1,759
83.234383,M,1,OD,OD,MP,AR,MS,FI,2,760
83.230927,M,3,AG,AG,SC,MS,FA,FI,1,761
83.227783,M,1,EN,IN,EN,AR,FA,MP,1,762
83.227036,M,1,FI,FI,SC,AR,AG,QM,2,763
83.226105,M,1,AR,IN,AR,EN,AD,FA,3,764
83.213371,M,1,MI,IN,AR,MI,EN,AD,1,765
83.213318,F,1,MS,MS,AG,FI,MI,SC,3,766
83.204811,M,1,EN,EN,AD,MP,AR,QM,1,767
83.200699,M,1,AD,AD,SC,OD,EN,FA,1,768
83.199501,M,1,EN,IN,EN,FA,AD,MP,1,769
83.197517,M,1,MS,MS,AD,OD,MP,MI,2,770
83.181976,M,1,MI,AV,AR,MI,EN,SC,1,771
83.180962,M,2,MS,MS,IN,QM,AD,AR,1,772
83.179268,F,2,MS,MS,MI,SC,FA,AG,3,773
83.161797,M,1,EN,EN,FA,TC,SC,IN,1,774
83.158279,M,1,AG,AG,SC,FA,MS,QM,1,775
83.157745,M,1,EN,AV,EN,OD,MP,TC,3,776
83.153564,M,1,FA,FA,MP,AR,EN,IN,2,777
83.135551,M,1,AR,IN,AR,MI,SC,AD,1,778
83.107925,M,1,MI,MI,IN,AR,EN,FA,1,779
83.076775,M,2,FI,FI,AG,QM,EN,TC,3,780
83.0728,M,3,MI,MI,EN,SC,IN,FI,1,781
83.052498,M,1,MP,MP,AR,EN,MI,IN,1,782
83.043236,F,1,MP,MP,TC,MS,QM,AG,1,783
83.03656,M,1,MI,MI,IN,AG,MS,SC,2,784
83.034828,M,1,MP,MP,MI,IN,FA,AR,1,785
83.034737,F,1,QM,QM,AG,MI,OD,SC,1,786
83.022629,M,1,EN,IN,EN,AR,FA,MI,4,787
83.004982,M,1,MS,AV,MS,AG,MI,SC,2,788
82.991318,M,2,MI,MI,SC,IN,FI,AG,2,789
82.989769,M,1,FA,FA,MP,SC,QM,OD,1,790
82.9869,M,1,AG,AG,MS,MI,AD,TC,1,791
82.967278,M,1,MI,IN,MI,FA,EN,MP,1,792
82.962585,M,1,SC,SC,FA,QM,AR,MI,1,793
82.957245,M,1,FI,FI,EN,MI,IN,MP,2,794
82.934967,M,1,MI,IN,MI,OD,FA,MS,1,795
82.934792,M,1,MP,IN,MP,FA,AD,AR,1,796
82.933762,M,1,EN,IN,AR,EN,FA,MP,1,797
82.933182,M,1,FA,IN,AR,FA,EN,MI,2,798
82.927971,M,1,EN,EN,IN,FA,AR,SC,4,799
82.910332,M,1,TC,TC,MI,AD,QM,AG,1,800
82.902618,M,1,AD,IN,AR,AD,FA,FI,2,801
82.900116,M,3,MS,MS,AG,AD,QM,SC,3,802
82.868996,M,4,MP,MP,TC,AD,SC,MI,3,803
82.86676,M,1,FA,IN,AR,FA,MI,EN,2,804
82.865585,M,1,FA,IN,AR,FA,MP,EN,1,805
82.852577,M,3,MS,AV,MS,MI,SC,EN,3,806
82.850128,M,1,FA,IN,EN,FA,MI,AR,1,807
82.847923,M,1,FA,FA,EN,MI,IN,MP,2,808
82.833748,M,1,AR,IN,AR,EN,MP,MI,1,809
82.827217,M,2,MP,IN,AR,MP,FA,EN,1,810
82.815468,M,1,TC,TC,IN,EN,FA,AR,1,811
82.802238,M,1,MI,MI,IN,EN,AR,FA,1,812
82.790878,M,1,OD,EN,OD,AR,MI,IN,3,813
82.777313,F,1,MI,MI,MP,MS,FA,SC,1,814
82.775375,M,1,QM,QM,OD,AR,EN,MP,1,815
82.773972,M,1,AR,IN,AR,MI,SC,QM,1,816
82.761169,M,1,MS,MS,SC,EN,MI,OD,1,817
82.760628,M,1,AG,AG,FI,MI,AR,SC,2,818
82.72953,M,1,TC,TC,AR,MI,IN,QM,2,819
82.728378,M,1,EN,IN,EN,AR,MI,FA,4,820
82.714951,M,1,FI,EN,FI,SC,TC,AR,2,821
82.689255,M,1,MI,MI,SC,AG,EN,AD,1,822
82.686256,M,1,EN,EN,IN,FA,AR,SC,2,823
82.669044,M,1,MI,MI,IN,AR,EN,FA,1,824
82.660675,M,1,SC,SC,AR,FA,EN,MI,1,825
82.64431,M,1,AD,AD,AR,FA,SC,MI,1,826
82.634697,M,1,MS,MS,MI,QM,EN,CM,2,827
82.632118,M,4,MI,MI,SC,CM,AR,MS,3,828
82.628357,M,1,MI,IN,MI,FA,MP,EN,2,829
82.612541,M,1,EN,IN,EN,MP,OD,AR,1,830
82.611679,M,1,MI,MI,AV,SC,AG,EN,1,831
82.603783,M,1,AG,AG,SC,MI,EN,MP,2,832
82.598946,F,1,MS,AV,MS,MI,FI,SC,3,833
82.594193,M,3,MS,MS,QM,AD,AG,TC,1,834
82.589455,M,1,FA,FA,TC,QM,EN,AR,1,835
82.573669,M,1,MI,MI,AR,IN,FA,EN,1,836
82.569939,F,1,MI,MI,AD,MS,QM,OD,1,837
82.557236,M,1,MI,IN,MI,MP,FA,AD,1,838
82.549377,M,1,SC,IN,SC,MI,AR,EN,1,839
82.544411,M,4,SC,SC,IN,MP,FA,AR,1,840
82.540848,M,1,SC,EN,SC,MI,OD,FA,1,841
82.53727,M,1,SC,IN,SC,MI,EN,AR,2,842
82.523544,F,1,AG,AG,MI,FI,MP,SC,2,843
82.523148,F,1,MS,MS,MI,SC,AG,FI,1,844
82.514114,M,1,MI,MI,FA,MP,AR,IN,1,845
82.500175,M,1,FA,FA,AR,CM,OD,SC,1,846
82.495811,F,1,MI,MI,SC,AG,QM,MS,2,847
82.490562,M,1,MS,MS,EN,FA,IN,AD,3,848
82.487366,F,1,SC,SC,MS,TC,MP,AG,1,849
82.484856,M,1,AR,AR,AD,FA,IN,MP,1,850
82.483337,M,2,MI,MI,SC,AG,AR,FI,2,851
82.470413,M,1,EN,EN,OD,QM,AR,FA,4,852
82.465858,M,1,EN,IN,EN,FA,MP,MI,1,853
82.447655,M,1,MS,MS,MI,AV,EN,AG,1,854
82.442245,M,1,AG,AG,MS,QM,AD,FI,1,855
82.436554,M,1,MI,MI,AR,IN,SC,MP,1,856
82.414284,M,1,SC,IN,AR,SC,EN,MP,1,857
82.402977,M,2,MI,MI,EN,FI,SC,OD,1,858
82.402412,M,3,MS,MS,QM,AG,FA,FI,1,859
82.401489,M,2,MS,AV,MS,QM,EN,AG,1,860
82.396828,M,1,AR,AR,MP,EN,MI,FA,1,861
82.392647,M,1,MS,EN,MS,AR,IN,MI,3,862
82.392464,F,1,CM,EN,CM,SC,OD,TC,4,863
82.369553,M,1,MI,MI,FA,EN,AR,IN,4,864
82.344978,M,1,MI,IN,MI,EN,FA,AR,1,865
82.339287,M,1,MP,IN,MP,EN,AR,FA,1,866
82.336685,M,1,EN,AV,EN,FA,MP,AR,1,867
82.331436,F,4,MI,MI,MP,FA,EN,AD,1,868
82.331253,M,1,FA,AR,IN,FA,SC,EN,2,869
82.321922,M,3,AD,AD,EN,AR,MI,IN,1,870
82.315628,M,1,AG,AG,EN,MI,AV,OD,2,871
82.310013,M,4,MI,AV,MI,MS,EN,AR,1,872
82.298706,M,2,SC,AR,IN,SC,OD,MP,1,873
82.291771,M,1,FA,IN,FA,MP,EN,AR,1,874
82.277153,M,1,MI,MI,IN,SC,EN,AR,1,875
82.248276,M,1,MS,MS,AG,SC,AD,MP,1,876
82.222824,M,1,MS,AV,MS,EN,MP,AR,1,877
82.216255,M,1,MS,MS,AV,QM,AR,AG,1,878
82.177597,M,1,FA,FA,SC,AR,MI,IN,1,879
82.170631,M,2,FA,MP,FA,QM,SC,CM,1,880
82.150108,M,1,EN,EN,AR,SC,FA,AD,3,881
82.140373,M,1,SC,SC,QM,AD,AG,OD,1,882
82.135994,M,3,AG,AG,FI,QM,AR,AD,2,883
82.133659,M,1,MS,MS,MI,QM,AD,SC,1,884
82.124199,M,1,EN,EN,IN,FA,AR,MI,1,885
82.114601,M,1,FA,AR,FA,IN,EN,MI,1,886
82.103226,M,1,OD,AV,OD,SC,AR,FA,1,887
82.095833,M,2,MI,MI,EN,AD,MP,OD,1,888
82.090225,M,1,FA,MP,FA,IN,EN,MI,1,889
82.063324,M,1,FA,IN,EN,FA,SC,MI,1,890
82.06134,M,2,MS,MS,SC,AD,FA,MI,1,891
82.059563,M,1,TC,MS,MI,TC,AR,AG,1,892
82.042595,M,1,FI,MS,FI,FA,AG,QM,1,893
82.028641,M,1,SC,EN,SC,FA,MP,MI,1,894
81.983154,M,1,MI,MI,EN,MP,OD,FA,1,895
81.982735,M,1,MI,MI,IN,SC,FA,EN,1,896
81.980118,M,1,MS,AV,MS,OD,SC,TC,1,897
81.979118,M,1,MI,IN,MI,FA,EN,AD,1,898
81.976814,F,1,AD,AD,MI,MP,SC,AG,1,899
81.972488,M,1,FA,IN,AR,FA,MP,SC,3,900
81.964737,M,1,MI,MI,QM,EN,IN,AR,2,901
81.957336,M,1,OD,OD,QM,EN,MP,SC,2,902
81.927795,M,4,SC,AR,SC,AD,QM,FA,1,903
81.924248,M,1,MI,MI,AR,FA,MP,EN,1,904
81.892273,F,1,MI,MI,MS,AG,FI,SC,1,905
81.875771,M,1,MS,MS,AD,FA,MI,TC,1,906
81.873344,F,1,AD,AD,QM,MP,FA,FI,1,907
81.869827,M,1,SC,EN,MS,SC,IN,AR,4,908
81.845825,M,1,OD,EN,MP,OD,FA,IN,3,909
81.834778,M,3,AG,AG,QM,MP,AD,CM,1,910
81.826988,M,1,SC,IN,SC,AD,MP,EN,1,911
81.813812,M,1,SC,SC,EN,FA,MP,AD,1,912
81.793289,F,3,FI,FI,AG,QM,MS,MI,2,913
81.77137,M,1,MI,MI,AR,FA,EN,IN,1,914
81.766335,M,1,EN,IN,EN,SC,FA,AR,1,915
81.764893,M,1,FA,IN,FA,MP,AR,QM,1,916
81.758682,M,1,EN,AR,EN,FA,SC,AD,4,917
81.757957,M,1,MP,AR,MP,EN,FA,IN,3,918
81.749741,M,1,SC,SC,EN,FA,IN,TC,4,919
81.748619,M,1,MS,AV,MS,FA,CM,MP,1,920
81.734024,M,2,MS,MS,CM,MP,AR,MI,1,921
81.720932,M,1,SC,IN,SC,EN,FA,MP,1,922
81.709747,M,1,FI,FI,MI,FA,IN,SC,2,923
81.696243,M,1,MI,MI,SC,AD,EN,MS,1,924
81.691383,M,1,EN,AR,EN,FA,IN,CM,1,925
81.691238,M,3,SC,SC,MI,IN,QM,AG,4,926
81.69043,M,4,FA,IN,FA,EN,MP,SC,1,927
81.688461,M,2,AG,AG,MP,SC,EN,QM,1,928
81.687737,M,4,QM,EN,QM,MI,MP,AR,2,929
81.662193,M,1,MI,MI,EN,FA,IN,MP,1,930
81.65937,M,1,FA,MP,FA,EN,MI,AR,1,931
81.654945,F,4,SC,SC,EN,MI,OD,AG,4,932
81.654587,M,1,EN,EN,AR,SC,IN,MI,1,933
81.621941,M,1,EN,AV,EN,FA,MP,AD,1,934
81.600594,M,1,SC,AV,SC,TC,AR,AD,2,935
81.587631,M,1,FA,MS,EN,FA,SC,IN,1,936
81.579781,M,1,FA,FA,IN,EN,AD,AR,1,937
81.567375,F,2,MI,MI,SC,AG,FI,QM,2,938
81.557739,F,1,MI,MI,SC,FI,AG,AD,3,939
81.543404,M,1,FA,FA,AD,EN,MS,FI,2,940
81.53743,M,1,MP,IN,MP,AR,AD,MI,1,941
81.515816,M,1,SC,AR,SC,IN,MP,FA,1,942
81.504852,M,1,MI,IN,MI,AR,FA,AD,1,943
81.496681,M,1,SC,SC,EN,FA,MP,CM,1,944
81.496597,M,1,MI,MI,IN,AR,MP,AG,1,945
81.48938,M,1,EN,EN,AV,IN,MP,OD,4,946
81.486748,M,1,EN,IN,EN,MP,FA,AR,1,947
81.474846,M,1,FA,IN,AR,FA,EN,OD,1,948
81.468163,M,1,EN,IN,EN,AR,SC,FA,2,949
81.464851,M,1,MS,MS,MP,EN,MI,SC,1,950
81.461861,M,1,EN,IN,EN,FA,MP,AR,3,951
81.449432,M,1,AD,FI,MP,AD,MI,SC,2,952
81.448639,M,1,FA,IN,FA,AD,EN,CM,1,953
81.44313,M,2,MI,MI,MP,MS,FA,SC,1,954
81.437431,M,1,AD,AD,IN,FA,MI,EN,1,955
81.43454,M,1,SC,IN,SC,FA,AR,TC,1,956
81.424828,M,1,MI,MI,AR,FA,IN,MP,1,957
81.414619,M,4,SC,SC,EN,FA,MP,IN,3,958
81.370667,M,1,OD,AV,OD,MI,EN,AR,1,959
81.354576,M,1,MI,MI,AR,IN,MP,FA,1,960
81.338623,M,1,MP,AR,MP,EN,MS,SC,1,961
81.330566,F,1,QM,QM,MS,MP,AG,TC,2,962
81.327553,M,1,CM,CM,MP,TC,AR,MI,1,963
81.321808,M,1,MI,MI,EN,TC,QM,FA,1,964
81.319,M,4,TC,TC,SC,EN,MP,AR,1,965
81.3172,F,1,AD,MP,EN,AD,MI,OD,2,966
81.315384,M,1,FI,FI,AR,SC,TC,AG,2,967
81.30851,M,1,SC,IN,SC,AD,FA,AR,1,968
81.306908,M,1,SC,IN,SC,AD,EN,FA,1,969
81.246666,M,1,MI,MI,AR,FA,MP,AD,3,970
81.239174,M,1,FA,AR,FA,MI,MP,IN,1,971
81.234512,M,1,MI,MI,AR,MP,FA,SC,1,972
81.209236,M,4,FA,MI,EN,FA,AR,FI,2,973
81.203201,M,1,AD,AD,QM,TC,OD,AR,1,974
81.195282,M,1,FA,AR,EN,FA,IN,MI,1,975
81.194672,M,4,AG,MI,AG,QM,AD,MS,2,976
81.191719,M,1,EN,IN,EN,FA,SC,QM,1,977
81.183449,M,4,MP,IN,MP,EN,AR,SC,1,978
81.16716,M,1,EN,IN,EN,AR,MP,FA,1,979
81.166702,M,1,EN,IN,EN,AR,FA,MI,1,980
81.164063,M,1,FA,AR,FA,MP,IN,OD,3,981
81.163666,M,1,FA,AR,MI,FA,EN,SC,1,982
81.148994,F,1,AG,AG,MS,MI,QM,SC,1,983
81.135231,M,1,SC,IN,MI,SC,FA,EN,2,984
81.127228,M,1,AG,AG,SC,QM,AR,FI,1,985
81.126167,M,1,AG,AG,MS,QM,EN,TC,1,986
81.120148,M,1,MI,MI,AR,IN,EN,FA,1,987
81.114532,M,1,SC,SC,MI,FA,IN,MP,1,988
81.101044,M,1,TC,EN,MP,TC,FA,SC,4,989
81.094254,M,1,EN,AV,EN,MS,AR,IN,3,990
81.06572,M,1,AG,AG,QM,TC,AD,FI,1,991
81.061333,F,1,MI,MI,MS,MP,SC,FI,1,992
81.046417,M,1,FA,AR,FA,MP,AG,AD,2,993
81.035172,M,1,AD,IN,AR,AD,EN,FA,3,994
81.026978,M,1,MI,MI,EN,IN,AR,AD,1,995
81.008369,F,2,MS,MS,AG,FI,MI,CM,1,996
80.99881,F,1,AG,MS,AG,MI,QM,SC,1,997
80.984184,M,1,EN,EN,SC,MI,IN,AR,1,998
80.978806,F,1,MS,MS,MP,FA,SC,MI,3,999
80.977608,M,1,SC,SC,EN,AD,FA,AR,1,1000
80.938377,M,1,FA,IN,FA,EN,AR,MP,2,1001
80.910599,M,1,MS,MS,SC,MP,AR,AD,1,1002
80.901207,M,1,MI,MI,SC,EN,FA,MP,1,1003
80.899406,F,1,MP,MP,MI,MS,SC,EN,1,1004
80.896454,M,1,SC,AV,SC,IN,MS,EN,2,1005
80.894745,M,1,CM,CM,EN,MI,MP,IN,1,1006
80.879921,M,1,MI,MI,AG,EN,OD,IN,1,1007
80.87529,M,1,MS,AV,MS,EN,IN,MP,1,1008
80.862,F,1,TC,MS,TC,MP,SC,OD,3,1009
80.855522,M,1,FA,IN,AR,FA,MI,SC,3,1010
80.854012,F,4,SC,FI,SC,MS,EN,MI,3,1011
80.852196,M,3,FI,FI,QM,AD,CM,SC,2,1012
80.84256,F,1,MS,MS,AG,CM,SC,MI,3,1013
80.831673,M,1,AD,AD,SC,TC,AG,OD,2,1014
80.821152,M,1,SC,SC,AR,QM,MI,AD,2,1015
80.80246,M,1,OD,MI,OD,MP,EN,AR,2,1016
80.796211,M,2,AG,MS,AG,SC,IN,MP,1,1017
80.786568,M,1,AD,AV,AD,MI,SC,EN,2,1018
80.773788,M,4,SC,SC,MI,FA,AG,FI,3,1019
80.773094,F,2,MS,MS,QM,AG,EN,SC,1,1020
80.77224,M,2,MS,MS,FI,FA,AG,SC,2,1021
80.764458,M,1,SC,SC,FA,QM,TC,EN,2,1022
80.751923,M,1,AD,AD,MP,AR,FA,IN,1,1023
80.730331,M,1,SC,IN,SC,QM,FA,EN,2,1024
80.719231,M,1,FA,FA,AR,EN,IN,AD,3,1025
80.716873,F,1,MI,MI,MP,EN,OD,MS,1,1026
80.711433,M,1,MI,MI,EN,FA,AR,IN,1,1027
80.706772,M,1,MI,MI,AR,FA,IN,EN,1,1028
80.655083,M,1,MP,AR,MP,FA,IN,AD,1,1029
80.636208,M,1,EN,EN,OD,IN,AR,FA,3,1030
80.63282,M,1,EN,EN,IN,AR,FA,AD,1,1031
80.630165,M,2,SC,AV,SC,MS,AR,QM,2,1032
80.62413,M,1,AD,AD,SC,EN,FI,FA,1,1033
80.618423,M,1,FA,EN,FA,MS,AG,MI,4,1034
80.609306,M,1,SC,SC,IN,AR,MI,EN,3,1035
80.597153,F,2,MS,MS,MI,AG,FI,QM,1,1036
80.588867,M,1,SC,SC,EN,FA,FI,MI,3,1037
80.585602,M,1,QM,MI,QM,TC,AD,CM,1,1038
80.584,F,1,AG,EN,AG,QM,MI,SC,1,1039
80.571526,M,1,MI,AR,MI,SC,IN,MP,3,1040
80.562714,M,3,OD,MP,OD,AR,AD,FA,1,1041
80.557404,M,1,MI,MI,QM,AR,MP,TC,1,1042
80.545189,M,4,AG,MS,AG,SC,AR,QM,3,1043
80.523849,F,1,TC,MI,TC,MP,MS,AD,1,1044
80.520279,M,3,AG,MP,IN,AG,QM,EN,1,1045
80.519119,M,1,SC,IN,EN,SC,AR,FA,1,1046
80.517662,M,3,QM,QM,MS,OD,FA,AG,1,1047
80.502632,M,1,SC,SC,EN,AR,FA,MI,1,1048
80.500839,M,1,AD,AV,MS,AD,SC,AR,1,1049
80.491486,F,1,QM,QM,AG,SC,MP,OD,3,1050
80.476585,M,1,EN,IN,EN,AR,FA,MP,1,1051
80.472061,M,3,QM,QM,SC,MS,AD,AG,1,1052
80.471855,M,1,SC,MS,SC,EN,OD,MI,2,1053
80.468391,M,1,FA,AR,FA,EN,MP,MI,1,1054
80.457817,M,1,TC,EN,TC,QM,AR,FA,2,1055
80.451866,M,2,QM,QM,MI,IN,FI,AR,2,1056
80.451637,M,2,MI,MI,MP,AR,SC,EN,1,1057
80.450287,M,1,MI,MI,QM,AR,AG,MS,1,1058
80.448509,M,1,FA,FA,SC,AG,AV,EN,1,1059
80.445518,M,1,FA,FA,MP,OD,AR,IN,1,1060
80.440041,M,1,FA,AR,FA,AD,TC,IN,1,1061
80.431076,M,2,SC,AR,SC,FA,IN,AD,1,1062
80.428749,M,1,QM,QM,OD,EN,AR,SC,2,1063
80.409531,F,1,MS,MS,MI,AG,FI,SC,1,1064
80.401649,M,1,AD,AD,FA,AR,OD,QM,1,1065
80.399696,M,1,MI,MI,AR,FA,EN,MP,1,1066
80.391838,M,1,QM,AV,QM,AR,AD,CM,1,1067
80.389954,M,2,CM,CM,QM,AR,MI,AG,2,1068
80.377312,M,2,MS,MS,SC,AR,AG,QM,1,1069
80.37394,M,4,SC,EN,SC,FA,IN,OD,1,1070
80.369835,M,1,SC,SC,MI,AR,EN,FA,2,1071
80.359062,M,2,SC,IN,SC,MP,AR,MI,1,1072
80.325829,M,1,SC,EN,SC,TC,AR,FA,1,1073
80.30809,F,1,AG,AV,MS,AG,SC,EN,1,1074
80.300606,M,1,FA,IN,AR,FA,AD,FI,1,1075
80.291466,M,1,SC,MI,SC,AD,EN,AR,1,1076
80.286392,M,1,MI,MI,FI,QM,FA,MS,1,1077
80.282639,M,2,QM,EN,AR,QM,SC,AG,2,1078
80.281693,M,1,MP,MP,OD,MI,EN,MS,1,1079
80.275551,F,2,AG,AG,FI,QM,MS,SC,1,1080
80.274048,M,1,SC,EN,MP,SC,IN,AR,4,1081
80.272537,M,1,TC,TC,MS,MI,AR,EN,1,1082
80.266785,M,3,OD,AR,OD,IN,QM,EN,1,1083
80.264946,M,1,SC,EN,SC,TC,MP,OD,1,1084
80.250862,M,4,AG,AV,MS,AG,TC,MI,1,1085
80.241814,M,1,AG,AG,QM,SC,AR,AD,2,1086
80.23053,M,1,FA,IN,EN,FA,AR,MP,1,1087
80.221954,M,1,OD,EN,IN,OD,MP,CM,3,1088
80.215424,M,1,FA,FA,SC,EN,MI,MP,1,1089
80.205376,M,4,FA,AR,FA,QM,AD,MI,1,1090
80.197937,M,3,FA,IN,FA,MI,AR,MS,3,1091
80.196487,F,1,AG,MS,AG,FI,MI,MP,2,1092
80.182922,M,4,SC,MI,SC,FA,IN,AR,2,1093
80.182083,M,1,SC,SC,EN,AG,AD,AR,1,1094
80.150909,M,1,MI,AV,MI,AD,SC,AG,1,1095
80.140099,M,1,MI,MI,AR,FA,EN,MP,1,1096
80.133018,M,1,SC,SC,AR,IN,MI,MP,3,1097
80.126366,F,1,TC,MS,TC,AG,EN,QM,1,1098
80.119164,M,1,OD,OD,MS,EN,AR,MP,2,1099
80.111641,M,1,SC,SC,AR,EN,IN,MI,1,1100
80.108284,M,1,AD,AD,FA,EN,MP,AR,2,1101
80.097481,M,2,SC,IN,AR,SC,MI,FA,1,1102
80.096718,M,1,MI,MI,SC,OD,AR,MP,4,1103
80.093102,M,1,MP,IN,MP,MS,AR,MI,1,1104
80.091347,M,1,MI,MI,IN,AR,EN,MS,1,1105
80.082672,F,2,AD,MS,AD,MI,CM,AG,3,1106
80.07505,F,1,SC,AV,SC,EN,MS,MI,1,1107
80.061623,M,1,MI,MI,AR,OD,MP,EN,1,1108
80.052582,M,2,FA,IN,AR,FA,MI,EN,1,1109
80.051712,F,4,AG,AG,FI,SC,QM,AD,2,1110
80.041214,M,1,AD,IN,EN,AD,MP,FA,1,1111
80.040771,M,4,MP,EN,MP,IN,AR,SC,4,1112
80.035118,M,1,FA,IN,AR,FA,EN,MP,1,1113
80.030724,F,1,MP,MP,AD,FA,EN,QM,3,1114
80.024811,F,3,MS,MS,SC,AG,MI,AD,1,1115
80.008827,F,1,MS,AV,MS,MI,MP,TC,3,1116
80.005241,M,1,SC,SC,IN,AR,FA,EN,2,1117
79.988098,M,1,OD,MS,OD,QM,AD,TC,2,1118
79.979263,M,1,MI,MI,SC,FA,IN,MP,2,1119
79.965904,M,1,SC,MI,SC,EN,MS,AR,1,1120
79.944679,M,1,MI,AV,MI,FA,EN,MS,2,1121
79.942421,M,1,OD,EN,OD,MI,TC,MS,3,1122
79.932892,M,1,FA,MI,FA,QM,MS,MP,1,1123
79.922684,M,1,FA,FA,AR,IN,MI,MS,1,1124
79.917015,M,1,SC,SC,QM,AR,MI,TC,2,1125
79.915932,M,1,SC,EN,SC,FA,OD,IN,3,1126
79.909508,M,1,FA,IN,FA,SC,AR,MI,1,1127
79.904648,M,1,FA,IN,FA,AD,MP,MI,1,1128
79.902008,F,1,QM,MI,MS,QM,SC,AD,1,1129
79.898666,M,3,FA,EN,MP,FA,IN,AR,1,1130
79.894409,M,1,MI,MI,SC,IN,EN,MP,1,1131
79.87738,F,1,TC,EN,TC,AD,MP,MI,1,1132
79.834602,F,2,MS,MS,AG,FI,QM,MI,1,1133
79.831795,M,1,AG,MS,AG,SC,AD,MI,2,1134
79.83033,M,1,QM,QM,OD,TC,AR,MP,1,1135
79.781242,M,1,AG,AG,CM,SC,FA,OD,1,1136
79.77578,M,3,AG,AG,OD,QM,EN,MS,2,1137
79.769409,M,4,MS,MS,AG,MI,AR,FI,3,1138
79.768692,M,1,MI,MI,AR,MP,FA,EN,1,1139
79.766258,M,1,FA,AR,EN,FA,MI,IN,1,1140
79.757835,M,1,MI,MI,IN,AR,EN,MP,2,1141
79.755997,M,1,FA,AR,FA,EN,MS,SC,1,1142
79.748352,M,1,MS,MS,AG,OD,FA,SC,2,1143
79.732483,M,1,MP,MP,AR,FA,QM,EN,1,1144
79.728371,M,4,FA,EN,FA,MP,AD,IN,3,1145
79.708221,M,1,FA,EN,IN,FA,AR,MP,1,1146
79.705406,M,2,MP,MP,TC,AR,OD,FA,1,1147
79.697823,M,1,MI,MI,SC,MP,EN,IN,1,1148
79.686554,M,2,FA,MS,FA,MI,AG,FI,1,1149
79.680458,M,3,MI,MI,MS,EN,MP,FI,2,1150
79.676315,M,4,QM,QM,TC,OD,AR,MI,1,1151
79.669861,F,3,AG,AG,QM,SC,MS,TC,2,1152
79.663116,F,3,QM,QM,AG,TC,FI,MP,1,1153
79.638908,M,4,QM,QM,FA,MS,IN,AG,1,1154
79.634224,M,1,MP,MP,AR,FA,SC,CM,3,1155
79.63105,M,1,SC,AR,SC,FA,IN,AD,1,1156
79.629272,M,1,SC,IN,SC,FA,EN,AR,1,1157
79.624023,F,4,QM,EN,MP,QM,SC,AG,1,1158
79.619728,M,1,MI,MI,AV,MP,AR,AD,1,1159
79.594681,M,1,FA,MI,FA,TC,AR,MP,1,1160
79.569069,M,1,MP,MP,EN,MI,SC,FA,1,1161
79.568535,M,1,MS,MS,FI,QM,AR,MI,3,1162
79.53196,F,3,AG,MS,AG,TC,MI,QM,1,1163
79.523872,M,1,TC,TC,AG,AD,MS,EN,2,1164
79.499184,M,1,OD,MP,OD,AD,SC,QM,2,1165
79.494423,M,3,SC,SC,AG,AR,FI,CM,1,1166
79.489952,M,1,MS,AV,MS,AD,EN,OD,1,1167
79.463127,M,1,FA,AR,FA,MP,OD,AG,1,1168
79.451622,M,1,OD,AR,EN,OD,MI,SC,2,1169
79.446991,M,1,QM,QM,AG,AR,OD,TC,1,1170
79.433395,M,1,QM,QM,EN,MP,AR,IN,1,1171
79.427887,M,1,FA,EN,MI,FA,FI,MS,4,1172
79.427063,M,1,FA,EN,FA,AR,IN,MP,4,1173
79.421783,M,2,AD,MS,AD,QM,FI,AG,1,1174
79.4077,F,1,QM,MS,QM,AG,MI,EN,3,1175
79.394897,M,1,FA,AV,MP,FA,MI,AR,1,1176
79.39257,M,1,SC,AR,EN,SC,TC,MP,2,1177
79.379822,M,3,QM,QM,TC,FA,SC,MI,1,1178
79.36525,M,1,SC,MI,EN,SC,FA,MP,1,1179
79.353394,M,1,FA,IN,FA,MI,EN,AR,2,1180
79.347168,M,1,FA,IN,AR,FA,OD,MI,1,1181
79.343079,M,3,TC,TC,AD,EN,MP,FA,2,1182
79.3395,M,1,FA,IN,FA,EN,AR,MI,1,1183
79.330582,M,1,SC,EN,SC,FA,MS,AR,1,1184
79.32354,M,1,FA,IN,EN,FA,AR,MP,1,1185
79.315765,M,1,SC,IN,SC,FA,EN,AD,1,1186
79.311028,M,1,SC,SC,MI,FA,EN,MP,1,1187
79.291321,F,1,SC,MP,MI,SC,FA,OD,1,1188
79.290306,M,1,OD,EN,AR,OD,MS,QM,3,1189
79.283218,F,4,MS,MS,AG,QM,MI,EN,2,1190
79.281845,M,1,CM,MI,CM,SC,AR,EN,2,1191
79.281471,M,1,FA,IN,AR,FA,MP,OD,2,1192
79.278969,M,1,FA,EN,FA,QM,MP,TC,1,1193
79.275658,M,4,FA,EN,FA,TC,IN,MI,1,1194
79.273911,F,1,TC,AV,MP,TC,FA,QM,1,1195
79.265701,M,1,SC,IN,SC,MI,FA,MP,2,1196
79.245789,M,3,OD,MP,EN,OD,FA,MI,1,1197
79.228271,M,1,MS,MI,MS,OD,EN,MP,1,1198
79.224373,M,4,QM,QM,OD,AR,TC,MP,1,1199
79.22245,M,1,AG,AV,MS,AG,SC,MI,1,1200
79.203438,M,1,SC,AV,MI,SC,AR,MP,1,1201
79.197083,M,1,AR,AR,EN,MS,TC,MI,1,1202
79.169106,M,1,SC,SC,MP,OD,FA,MS,2,1203
79.164574,M,1,AR,AR,MI,IN,MP,EN,1,1204
79.148491,M,1,MI,MI,MP,SC,AR,IN,3,1205
79.134323,M,3,MS,MS,MI,AD,SC,IN,2,1206
79.117752,M,1,IN,IN,SC,MI,AR,EN,1,1207
79.114227,M,1,AV,AV,IN,MI,AR,EN,2,1208
79.098,M,1,AV,AV,MI,MP,EN,TC,1,1209
79.095863,M,3,SC,SC,QM,AG,EN,AR,1,1210
79.092186,M,1,IN,IN,FA,AR,MS,MI,1,1211
79.089256,M,1,AD,AR,AD,MI,EN,FA,1,1212
79.08326,M,3,MI,MI,AR,FA,TC,EN,2,1213
79.078323,M,1,MP,MP,AR,MI,IN,FA,1,1214
79.072433,F,4,MI,MI,FI,SC,AG,OD,2,1215
79.051453,M,1,MP,MP,AR,EN,IN,AD,1,1216
79.02948,M,1,FA,AV,FI,FA,SC,AD,2,1217
79.02047,M,1,IN,IN,EN,AR,FA,OD,1,1218
79.019173,M,1,CM,CM,AG,EN,MS,SC,1,1219
79.014801,M,1,IN,IN,EN,AR,MI,OD,1,1220
79.012558,M,1,AG,AG,MI,SC,AR,MP,2,1221
79.006927,M,1,QM,QM,SC,AR,MP,MI,1,1222
79.00119,M,1,IN,IN,EN,AR,SC,MP,2,1223
78.986786,M,1,AR,AR,MP,EN,FA,SC,1,1224
78.97757,M,1,AG,MS,AG,QM,AD,FI,2,1225
78.971367,M,1,SC,SC,MP,AD,AG,MI,1,1226
78.969398,M,2,FI,FI,MI,QM,EN,OD,1,1227
78.96212,M,1,AR,AR,MP,AD,IN,EN,2,1228
78.952293,M,1,SC,SC,EN,IN,MI,MP,3,1229
78.95105,M,1,EN,EN,QM,FA,OD,MS,1,1230
78.945084,M,1,AR,AR,IN,FA,MI,EN,1,1231
78.936867,M,2,AV,AV,AR,IN,EN,FA,1,1232
78.926102,M,1,IN,IN,AR,FA,MP,EN,1,1233
78.925308,M,1,AD,AD,IN,MP,EN,FA,1,1234
78.911034,M,3,MI,MI,MP,IN,AR,QM,1,1235
78.905411,M,2,MI,MI,SC,EN,AG,TC,2,1236
78.904076,M,1,AR,AR,IN,FA,EN,AD,1,1237
78.89402,M,1,IN,EN,IN,SC,MP,AR,1,1238
78.876495,M,1,AD,AD,MI,FA,MS,EN,1,1239
78.87542,M,1,IN,IN,AR,EN,MP,FA,2,1240
78.869514,M,1,AV,AV,AR,IN,FA,MP,1,1241
78.859451,F,4,MS,MS,EN,MP,AD,FA,2,1242
78.858932,M,1,FA,MI,EN,FA,IN,MP,4,1243
78.858055,M,1,IN,IN,AR,MI,EN,FA,1,1244
78.850281,M,1,QM,QM,AR,MS,SC,AG,2,1245
78.848999,M,1,IN,IN,EN,AR,MI,AD,1,1246
78.845413,F,1,SC,MS,SC,EN,MP,MI,2,1247
78.813599,M,1,FA,EN,FA,AR,IN,MI,1,1248
78.797493,M,1,MI,MI,FA,MP,EN,AD,1,1249
78.792648,M,3,QM,QM,TC,EN,OD,AR,1,1250
78.777382,F,1,QM,EN,QM,TC,MS,SC,1,1251
78.775246,M,1,IN,IN,AR,MP,EN,MS,1,1252
78.768738,M,1,SC,SC,MI,AR,QM,OD,2,1253
78.767532,M,3,MS,MS,AG,FA,SC,FI,2,1254
78.765961,M,1,TC,TC,AR,FA,MS,QM,1,1255
78.76532,M,1,OD,OD,QM,TC,EN,AR,3,1256
78.740486,M,1,TC,TC,QM,SC,FA,OD,1,1257
78.740288,M,4,MS,MS,MP,AR,MI,AG,3,1258
78.737694,M,1,AR,AR,EN,FA,MI,IN,1,1259
78.73735,M,1,FA,FA,MP,EN,AR,IN,1,1260
78.732155,M,1,IN,IN,EN,AR,FA,MI,1,1261
78.7295,M,1,AV,AV,EN,AR,MP,MI,4,1262
78.72551,M,1,AR,AR,IN,FA,EN,AG,2,1263
78.72187,F,1,CM,CM,MS,MP,MI,OD,3,1264
78.714043,M,1,EN,EN,IN,FA,AR,AD,4,1265
78.709816,M,4,MI,MI,MP,AD,FI,MS,1,1266
78.706665,M,1,IN,IN,SC,FA,AR,OD,1,1267
78.706642,M,3,SC,EN,MP,SC,MS,FA,1,1268
78.700768,M,1,MP,MP,EN,AR,IN,AD,1,1269
78.687546,F,1,AG,AG,MI,SC,OD,MP,2,1270
78.680466,M,1,IN,IN,SC,AR,MP,MI,2,1271
78.671623,M,1,MP,MP,AG,QM,EN,MI,1,1272
78.668365,M,1,FA,FA,MP,EN,AD,AR,1,1273
78.64801,M,1,MP,MP,IN,MI,EN,AR,1,1274
78.641907,M,1,IN,IN,MI,MP,EN,AR,1,1275
78.638756,M,1,AR,AR,FA,EN,MI,IN,2,1276
78.625717,F,1,EN,EN,AD,TC,MP,FA,4,1277
78.614731,M,1,IN,IN,AR,EN,MI,MP,2,1278
78.612816,M,2,IN,IN,EN,FA,AD,AR,1,1279
78.609795,M,1,SC,AR,EN,SC,FA,MI,4,1280
78.607643,M,1,MI,MI,AR,OD,EN,TC,1,1281
78.60482,M,2,AV,AV,MI,MP,AG,MS,1,1282
78.602371,F,4,AG,AG,MS,QM,FI,MI,1,1283
78.590607,M,1,FA,AR,FA,MI,IN,SC,1,1284
78.579567,M,4,MI,MI,MP,AR,IN,AG,1,1285
78.579285,M,1,FA,MI,IN,FA,AR,SC,1,1286
78.578102,M,1,SC,SC,MI,AG,FA,OD,2,1287
78.574661,M,1,MS,MS,EN,SC,MP,FI,1,1288
78.562218,M,1,TC,TC,AD,OD,MP,IN,1,1289
78.502586,M,2,MP,MP,SC,IN,FA,AR,1,1290
78.50061,M,3,MP,MP,EN,TC,MI,IN,1,1291
78.499321,M,1,AR,AR,IN,EN,MI,MP,1,1292
78.491417,M,1,FA,FA,SC,QM,AR,MI,2,1293
78.491035,M,2,AG,AG,FI,SC,AR,MS,1,1294
78.489082,M,1,SC,IN,SC,FA,AD,TC,2,1295
78.486671,M,1,AR,AR,EN,FA,IN,CM,2,1296
78.484558,M,1,IN,IN,EN,MI,AR,MP,1,1297
78.482719,M,1,MP,MP,AR,FA,EN,IN,1,1298
78.477142,M,3,SC,SC,MP,QM,FA,OD,2,1299
78.474045,M,4,MP,MP,FA,IN,AR,EN,2,1300
78.456055,M,1,EN,EN,FA,AR,IN,MI,2,1301
78.454636,M,1,IN,IN,EN,FA,AR,AD,2,1302
78.453583,M,1,MI,MI,IN,AR,EN,SC,1,1303
78.452118,M,3,MI,MI,AR,FA,IN,FI,1,1304
78.441956,M,1,FA,FA,AR,MP,AD,IN,1,1305
78.425285,F,1,MS,MS,SC,MI,FI,AG,2,1306
78.406296,M,1,MI,MI,AR,IN,MP,EN,1,1307
78.39817,M,1,TC,AR,TC,MP,QM,SC,1,1308
78.395432,M,1,IN,IN,AR,FA,MP,EN,1,1309
78.383835,F,1,AD,MP,MS,AD,CM,SC,1,1310
78.383156,M,1,AV,AV,EN,AR,MS,MI,3,1311
78.376602,F,1,QM,QM,MI,EN,OD,AD,1,1312
78.375816,M,1,SC,SC,QM,AR,AG,MP,1,1313
78.368675,M,1,AG,AG,MI,AR,TC,QM,1,1314
78.368042,M,1,OD,MP,OD,FA,IN,MI,1,1315
78.367973,M,4,FA,MI,FA,SC,OD,AG,1,1316
78.363068,M,1,MI,MI,EN,FA,IN,OD,2,1317
78.359756,M,2,MP,MP,SC,MI,FA,TC,2,1318
78.352356,M,1,MI,MI,AR,AD,IN,MP,1,1319
78.342178,M,1,MP,MP,SC,FA,EN,MS,1,1320
78.32048,M,1,SC,EN,SC,OD,AR,TC,2,1321
78.307602,M,4,OD,OD,EN,AG,SC,AD,2,1322
78.290291,M,1,AR,AR,MP,TC,IN,FA,2,1323
78.279701,M,1,AV,AV,MS,MP,EN,MI,3,1324
78.27935,M,2,AR,AR,SC,EN,IN,AD,1,1325
78.275475,F,2,AD,MS,AD,OD,QM,AG,1,1326
78.273415,M,1,AR,AR,AD,MP,MI,SC,2,1327
78.271545,M,1,QM,QM,SC,AD,TC,OD,1,1328
78.252098,M,1,MP,MP,IN,AR,MI,MS,1,1329
78.250961,M,1,SC,SC,MI,CM,IN,MS,3,1330
78.236412,F,2,AG,AG,MS,MI,SC,FI,1,1331
78.225281,M,3,AR,AR,OD,EN,MS,FA,3,1332
78.212433,F,1,AV,AV,MS,AG,QM,FI,2,1333
78.211197,M,1,IN,IN,EN,MP,AR,FA,1,1334
78.208717,M,1,FA,MP,EN,FA,AD,AR,1,1335
78.205276,M,1,IN,IN,AR,FA,EN,MP,1,1336
78.19931,M,1,MS,MS,SC,AR,MI,FA,2,1337
78.193779,F,1,MI,MI,MS,MP,AD,AG,1,1338
78.190002,F,3,MS,MS,AG,MI,FI,QM,3,1339
78.187767,M,1,FA,FA,AD,OD,AR,EN,4,1340
78.175438,F,1,MS,MS,MI,AD,MP,EN,3,1341
78.175385,M,1,AG,AG,FI,QM,IN,MI,1,1342
78.168671,M,3,MI,MI,MS,AR,QM,OD,1,1343
78.163284,M,1,AV,AV,AD,MS,FA,AR,2,1344
78.157936,M,1,AR,AR,EN,MP,SC,QM,4,1345
78.1502,M,1,AR,AR,EN,SC,IN,FA,1,1346
78.137871,M,1,SC,MI,SC,AD,QM,CM,1,1347
78.135704,M,1,TC,TC,FA,AR,IN,EN,2,1348
78.132507,F,1,QM,MI,MP,QM,EN,AD,1,1349
78.11834,F,3,FI,FI,QM,AG,EN,OD,1,1350
78.11721,M,1,SC,MS,EN,SC,OD,FI,1,1351
78.08696,M,1,SC,MI,SC,AD,EN,MP,1,1352
78.076881,M,3,MS,MS,AG,IN,TC,FA,2,1353
78.073982,M,1,MI,MI,IN,EN,AR,SC,2,1354
78.073647,M,1,AG,MS,AG,AR,QM,SC,1,1355
78.071663,M,1,AR,AR,FA,MP,IN,AD,1,1356
78.069206,M,2,AV,AV,MS,AR,SC,EN,3,1357
78.0672,M,3,MS,MS,EN,AR,FA,FI,1,1358
78.039764,M,1,CM,CM,FA,AR,IN,MP,1,1359
78.031433,M,1,AD,AD,EN,MP,TC,AR,1,1360
78.02861,M,1,OD,EN,AR,OD,FA,IN,1,1361
78.01268,M,1,QM,QM,SC,OD,AR,EN,2,1362
77.985199,M,1,AD,AD,MP,OD,FA,AR,1,1363
77.977676,M,1,IN,IN,AR,MS,FA,EN,1,1364
77.955437,M,1,AG,FI,AG,QM,AR,MI,2,1365
77.952171,M,1,EN,EN,AR,IN,MP,FA,4,1366
77.9505,M,1,AR,AR,EN,IN,MP,FA,1,1367
77.949036,M,1,AR,AR,FA,IN,MI,MP,1,1368
77.937393,M,1,MI,MI,AR,FA,IN,SC,1,1369
77.920227,M,1,IN,IN,AR,MI,AD,EN,1,1370
77.917847,M,3,SC,SC,OD,TC,AD,QM,1,1371
77.888603,M,1,OD,OD,TC,FA,EN,AR,1,1372
77.875282,M,1,MI,IN,MI,EN,AR,SC,1,1373
77.872826,F,1,FA,MI,FA,EN,MS,TC,1,1374
77.854355,M,1,QM,QM,TC,FA,OD,MP,1,1375
77.841949,M,1,SC,EN,SC,FA,MI,IN,1,1376
77.841331,M,1,EN,EN,MP,FA,AD,IN,1,1377
77.840195,M,2,MI,MI,AR,SC,IN,AG,1,1378
77.826202,M,1,MI,MI,IN,EN,QM,SC,1,1379
77.812523,M,1,IN,IN,AR,FA,EN,OD,1,1380
77.808563,M,2,EN,EN,FA,AR,OD,MI,4,1381
77.803024,M,1,MI,MI,EN,AR,IN,MS,1,1382
77.796974,M,1,TC,TC,SC,MS,IN,MI,1,1383
77.796501,F,1,QM,QM,EN,AG,MP,OD,1,1384
77.789421,M,3,AD,AD,MP,SC,OD,AG,1,1385
77.783752,M,1,SC,MP,SC,MS,AD,IN,1,1386
77.769203,M,2,QM,QM,TC,AG,AR,MP,1,1387
77.768806,M,1,MP,MP,AR,OD,IN,AD,1,1388
77.766594,M,1,AR,AR,EN,IN,AV,MI,1,1389
77.76548,M,1,IN,IN,EN,AR,FA,TC,2,1390
77.753197,M,1,IN,IN,FA,MP,AR,AD,1,1391
77.748314,F,1,MI,MI,MS,QM,AD,AG,1,1392
77.747276,M,1,FI,FI,IN,TC,AR,MI,2,1393
77.7472,M,1,SC,MI,SC,IN,EN,CM,2,1394
77.745338,M,1,OD,IN,AR,OD,EN,MI,2,1395
77.739532,M,1,MI,MI,MP,SC,IN,AR,1,1396
77.73539,M,1,EN,EN,FA,OD,MI,TC,3,1397
77.73336,M,2,AV,AV,MS,EN,MI,IN,1,1398
77.730202,M,1,IN,IN,AR,SC,FA,EN,2,1399
77.725311,F,3,AG,AG,QM,MS,FI,SC,1,1400
77.723145,M,2,QM,QM,AD,AG,IN,SC,1,1401
77.703888,M,1,MI,MI,IN,FA,AR,EN,2,1402
77.699593,M,1,IN,IN,FA,AR,MI,EN,1,1403
77.694389,M,1,EN,EN,MS,MI,AR,IN,4,1404
77.690056,M,3,MI,MI,AR,MP,OD,EN,1,1405
77.658783,M,5,AV,AV,TC,EN,CM,AR,1,1406
77.656578,M,1,EN,EN,QM,SC,AG,MI,2,1407
77.627029,M,4,EN,EN,AD,TC,FA,MP,1,1408
77.623077,M,1,MI,MI,AR,IN,EN,SC,2,1409
77.617683,M,1,SC,SC,MS,OD,FA,MI,3,1410
77.598442,M,1,MS,MS,AG,QM,AR,TC,1,1411
77.596657,M,1,AR,AR,IN,FA,EN,MP,3,1412
77.588646,M,1,MI,MI,AR,IN,AD,MP,1,1413
77.588509,F,1,MS,MS,AG,SC,EN,OD,1,1414
77.578873,F,1,MP,MP,FA,OD,AD,AG,1,1415
77.577789,F,1,MI,MI,QM,EN,AD,MP,1,1416
77.571037,M,2,AG,AG,FI,MS,EN,QM,2,1417
77.549065,M,1,MI,MI,MP,IN,AR,CM,1,1418
77.539673,M,1,IN,IN,AR,EN,MP,MI,1,1419
77.537933,F,1,MP,MP,OD,AD,SC,CM,1,1420
77.517746,M,1,AR,AR,MI,FA,EN,MP,1,1421
77.509743,M,1,IN,IN,AR,EN,MP,AD,1,1422
77.488518,F,3,AG,AG,MS,SC,FI,MI,2,1423
77.479233,M,4,QM,MP,QM,MI,EN,SC,1,1424
77.476257,M,1,AR,AR,SC,FA,MP,QM,1,1425
77.473923,M,1,AR,AR,IN,EN,FA,AD,1,1426
77.470932,M,1,MI,MI,IN,AR,FA,AD,1,1427
77.469337,M,3,QM,QM,OD,MI,EN,AG,1,1428
77.467377,F,4,AD,MI,AD,MP,FA,SC,1,1429
77.466904,M,1,SC,SC,FA,QM,AG,OD,2,1430
77.46579,M,1,IN,IN,AR,FA,EN,SC,1,1431
77.465714,M,4,MI,MI,SC,AR,IN,MP,1,1432
77.459442,F,1,MS,MS,MI,EN,QM,AG,1,1433
77.44619,M,1,EN,EN,MI,IN,MP,FA,1,1434
77.444984,M,1,SC,MI,SC,QM,EN,MP,1,1435
77.444801,M,1,AR,AR,FA,MP,SC,IN,1,1436
77.441689,M,1,AG,AG,SC,FA,QM,AR,1,1437
77.441658,M,4,EN,EN,MI,IN,AR,FA,1,1438
77.441383,M,1,TC,AG,FI,TC,EN,SC,3,1439
77.428528,M,1,IN,IN,FA,AD,AR,EN,1,1440
77.421455,M,1,SC,SC,AD,MI,CM,EN,1,1441
77.41848,M,1,OD,OD,AR,FI,FA,MI,2,1442
77.405426,M,1,SC,MS,SC,OD,AD,FA,1,1443
77.39801,M,4,SC,MS,SC,EN,MI,FI,1,1444
77.378944,M,1,SC,SC,AR,OD,MI,FA,1,1445
77.375259,M,2,MS,MS,SC,AR,IN,FA,2,1446
77.375114,F,1,QM,QM,OD,TC,EN,MP,1,1447
77.372452,M,2,CM,CM,QM,EN,SC,FI,1,1448
77.361061,M,1,AR,AR,EN,TC,MP,SC,2,1449
77.358543,F,1,QM,AG,MS,QM,SC,TC,1,1450
77.357368,M,1,IN,IN,EN,MP,AR,FA,1,1451
77.354065,M,1,MI,MI,FA,OD,MP,AR,1,1452
77.353035,M,1,FA,FA,EN,IN,AR,MP,1,1453
77.33712,M,1,IN,IN,MI,AR,EN,FA,1,1454
77.335999,M,1,AV,AV,MS,QM,FI,AG,1,1455
77.335144,M,1,FA,FA,IN,AR,MI,MP,1,1456
77.327896,M,1,AV,AV,FA,AR,OD,AD,2,1457
77.318954,M,1,IN,IN,AR,FA,AV,MP,1,1458
77.317963,M,1,SC,SC,AR,FA,EN,MP,1,1459
77.308571,M,1,AR,AR,FA,MP,AD,MI,1,1460
77.305115,M,1,MI,MI,AR,FA,MP,IN,1,1461
77.30481,M,1,AV,AV,MS,MI,AR,IN,1,1462
77.300934,M,1,TC,TC,OD,EN,FA,AD,2,1463
77.292831,M,1,EN,EN,FA,AD,AR,CM,1,1464
77.276375,F,1,MS,MS,MI,FI,QM,AG,3,1465
77.273186,M,2,IN,IN,FA,MI,AR,MP,1,1466
77.265556,M,3,AV,AV,MP,QM,SC,OD,1,1467
77.261421,M,1,EN,EN,AG,MP,SC,MS,2,1468
77.247047,M,1,IN,IN,SC,EN,AR,FA,1,1469
77.234352,M,1,EN,EN,OD,AR,MP,CM,2,1470
77.233856,M,1,OD,MI,SC,OD,EN,FI,1,1471
77.233475,M,1,EN,EN,AR,FA,MI,SC,4,1472
77.227844,M,1,EN,EN,IN,AD,FA,AR,4,1473
77.2276,M,1,AR,AR,AV,MP,IN,OD,1,1474
77.225769,M,1,FA,FA,AR,EN,IN,TC,1,1475
77.216599,M,1,AD,AR,AD,QM,IN,MI,2,1476
77.213623,M,1,QM,SC,EN,QM,MI,AG,4,1477
77.198059,M,1,TC,TC,AD,MS,QM,AG,1,1478
77.194077,M,3,MP,MP,IN,FA,EN,MI,3,1479
77.185638,F,2,SC,SC,MP,FA,TC,QM,2,1480
77.184013,M,1,EN,EN,CM,AR,IN,MI,1,1481
77.177094,M,1,EN,EN,MS,MI,QM,AR,2,1482
77.176971,M,1,AV,AV,MS,IN,EN,AR,3,1483
77.170097,M,1,AR,AR,IN,FA,MI,EN,3,1484
77.155724,F,1,TC,TC,EN,MS,AG,OD,1,1485
77.132309,M,1,AV,AV,MS,TC,SC,MP,2,1486
77.125961,M,1,FA,AR,IN,FA,EN,MP,1,1487
77.125511,M,3,EN,EN,SC,MI,AD,MS,4,1488
77.123672,M,1,AR,AR,TC,FA,MP,IN,1,1489
77.110252,M,1,AR,AR,EN,IN,MI,MP,1,1490
77.106995,M,1,IN,IN,AR,MP,MI,EN,3,1491
77.103889,M,1,MP,MP,EN,TC,QM,AR,1,1492
77.1036,M,1,IN,IN,MI,FA,MP,AD,1,1493
77.099777,M,1,IN,IN,EN,SC,MI,AR,1,1494
77.093613,M,1,IN,IN,MI,TC,EN,AR,1,1495
77.075378,M,1,FA,FA,EN,MP,IN,MI,4,1496
77.073753,M,1,AR,AR,MP,FA,EN,IN,1,1497
77.064461,M,1,FA,FA,AG,MI,SC,TC,1,1498
77.060509,M,1,MI,MI,QM,TC,IN,SC,1,1499
77.034203,M,1,AR,AR,MP,EN,FA,AD,2,1500
77.024399,M,4,MS,MS,AG,SC,AD,QM,1,1501
77.018822,M,4,MI,MI,SC,AD,FI,EN,2,1502
77.006409,F,1,QM,SC,QM,AG,MP,MI,1,1503
76.998978,M,1,AR,AR,IN,AD,EN,FA,1,1504
76.995003,M,4,IN,IN,FA,AR,MP,SC,1,1505
76.987717,M,1,SC,SC,TC,QM,EN,MS,3,1506
76.949501,M,4,QM,MS,AG,QM,AD,MI,1,1507
76.940704,M,2,FA,MP,FA,AR,EN,MI,1,1508
76.940231,M,1,IN,IN,AR,EN,MP,FA,1,1509
76.938065,M,1,AR,AR,IN,FA,MP,EN,2,1510
76.929344,M,2,MS,MS,FA,TC,IN,SC,1,1511
76.912407,F,1,AD,MS,EN,AD,MP,SC,3,1512
76.888626,F,1,FA,MP,EN,FA,MS,OD,3,1513
76.876205,M,1,IN,IN,AV,AR,FA,EN,1,1514
76.87487,F,3,MS,MS,AG,FI,TC,QM,1,1515
76.871506,M,1,QM,QM,SC,AD,FI,MI,2,1516
76.837074,M,1,EN,EN,FA,AR,MP,IN,1,1517
76.83149,M,1,QM,AG,QM,OD,FA,AR,1,1518
76.829514,M,1,TC,TC,FI,OD,FA,MI,2,1519
76.823029,M,1,EN,EN,IN,FA,MP,CM,4,1520
76.818634,M,2,IN,IN,AR,FA,EN,MI,1,1521
76.816826,M,1,FI,FI,SC,AG,EN,MI,3,1522
76.79705,M,1,AD,AR,AD,MI,SC,FA,1,1523
76.792122,F,1,AV,AV,TC,FA,CM,MP,1,1524
76.790077,M,1,FA,AR,FA,EN,MI,IN,1,1525
76.773323,M,1,IN,IN,MI,AR,MP,EN,2,1526
76.755173,M,1,FA,IN,FA,AD,AR,AG,2,1527
76.745865,M,1,FA,MS,FA,MP,EN,SC,1,1528
76.739006,M,1,IN,IN,EN,MP,FA,AR,1,1529
76.726982,M,1,MI,MI,AR,IN,SC,FA,1,1530
76.719978,M,1,IN,IN,SC,MP,AR,FA,2,1531
76.709801,M,1,MI,MI,SC,AR,AD,MP,1,1532
76.709724,M,1,IN,IN,AR,FA,AD,MP,1,1533
76.691177,M,1,MI,MI,SC,AR,FA,AG,1,1534
76.682144,M,1,MI,MI,IN,EN,AR,MS,1,1535
76.679298,M,1,TC,TC,MP,QM,AD,EN,1,1536
76.678818,F,1,AV,AV,MS,MI,SC,CM,1,1537
76.671219,M,4,OD,OD,FI,QM,AR,AG,2,1538
76.658035,M,3,OD,SC,EN,OD,FI,AD,4,1539
76.652763,M,4,MS,MS,MI,FI,AD,AG,3,1540
76.651749,M,1,TC,EN,FA,TC,IN,MP,4,1541
76.642387,M,1,EN,EN,MP,IN,AG,SC,1,1542
76.637436,M,1,MI,MI,QM,AR,AD,FA,1,1543
76.633591,M,1,TC,TC,QM,SC,AD,AR,2,1544
76.629456,M,1,MI,AV,MI,AR,OD,IN,1,1545
76.613304,M,1,CM,IN,EN,CM,SC,MP,1,1546
76.610497,M,1,IN,IN,EN,AR,FA,MI,1,1547
76.607132,M,1,TC,TC,MP,OD,AR,IN,1,1548
76.605247,M,1,MP,MP,IN,MI,MS,AR,1,1549
76.59948,M,1,MS,MS,AR,FA,AG,AD,1,1550
76.586052,M,1,MP,MP,MI,AR,IN,EN,1,1551
76.569389,M,4,AR,AR,EN,OD,MP,IN,1,1552
76.569305,M,2,AR,AR,FA,IN,AD,EN,1,1553
76.566551,M,1,AR,AR,IN,FA,MP,EN,1,1554
76.543037,M,1,MI,MI,SC,EN,OD,MS,1,1555
76.5326,M,2,AG,AG,QM,FI,FA,MI,1,1556
76.521858,M,1,AV,AV,MI,EN,OD,AD,3,1557
76.521072,M,1,IN,IN,AR,EN,FA,AD,2,1558
76.51696,M,1,IN,IN,AR,EN,FA,MI,1,1559
76.507629,M,1,MI,MI,IN,FA,EN,MP,2,1560
76.499763,M,1,OD,OD,QM,EN,MP,CM,1,1561
76.494034,M,1,EN,EN,FA,MP,SC,AV,4,1562
76.488319,M,3,MI,MI,IN,FA,AD,AR,2,1563
76.487144,M,1,CM,AV,MS,CM,EN,AR,3,1564
76.476349,M,3,SC,SC,FI,FA,QM,AD,2,1565
76.475616,M,1,QM,EN,QM,OD,FA,MI,1,1566
76.473526,M,1,MI,MI,SC,EN,AG,MP,1,1567
76.464752,M,2,EN,EN,MP,IN,AR,MI,4,1568
76.451797,M,1,IN,IN,AR,MI,MS,SC,1,1569
76.432571,M,1,AR,AR,MI,SC,AG,AD,1,1570
76.429176,M,2,CM,CM,AR,EN,FA,AD,3,1571
76.420967,F,4,OD,OD,AG,QM,MP,FI,1,1572
76.429131,M,3,CM,CM,MS,AG,AR,QM,1,1573
76.417671,M,4,IN,IN,AR,FA,MP,MI,2,1574
76.41275,M,1,MI,MI,SC,FA,MP,EN,1,1575
76.39904,M,1,IN,IN,EN,AR,FA,MP,2,1576
76.394348,M,1,MP,MP,EN,MI,SC,QM,1,1577
76.373543,M,1,EN,EN,MI,AR,IN,MP,2,1578
76.354935,M,1,TC,AR,TC,SC,EN,MP,1,1579
76.353561,F,3,MS,MS,AG,MI,FI,SC,3,1580
76.351891,M,1,OD,IN,OD,AR,EN,MP,1,1581
76.347054,M,1,MS,MS,EN,SC,MI,AG,3,1582
76.336342,M,1,AV,AV,EN,IN,MP,MS,1,1583
76.329819,M,1,EN,IN,EN,AR,MP,MI,1,1584
76.327438,M,1,QM,QM,AD,CM,FA,MI,1,1585
76.323982,M,1,IN,IN,FA,EN,AR,MP,1,1586
76.313782,M,1,MI,MI,AR,EN,IN,TC,1,1587
76.303047,F,1,MS,MS,SC,EN,MI,AG,1,1588
76.292107,F,3,QM,MS,AG,QM,FI,OD,2,1589
76.279678,F,1,AG,AG,QM,EN,MP,OD,1,1590
76.278069,M,1,IN,IN,MI,AR,EN,FA,1,1591
76.277946,M,1,MS,MS,AG,QM,AD,MI,2,1592
76.274223,M,1,TC,EN,SC,TC,MS,QM,1,1593
76.258751,M,1,MI,MI,IN,MP,AR,CM,1,1594
76.245491,M,1,OD,OD,EN,MP,FA,AR,1,1595
76.238503,M,1,MI,MI,IN,FA,MP,AR,1,1596
76.237343,M,1,AR,AR,FA,MP,EN,OD,1,1597
76.221962,M,1,QM,QM,MP,MI,FA,FI,2,1598
76.220497,M,1,MI,MI,AD,FA,SC,AR,2,1599
76.209785,M,1,MI,MI,IN,EN,SC,AR,1,1600
76.202759,M,3,TC,TC,QM,OD,IN,MP,2,1601
76.197273,M,2,MP,MP,MS,EN,TC,IN,1,1602
76.189606,M,4,FI,FI,MP,MI,IN,SC,1,1603
76.188324,M,2,MS,MS,AG,FA,FI,MI,1,1604
76.176613,M,1,MS,MS,MI,QM,IN,SC,3,1605
76.175331,M,1,OD,SC,OD,AG,EN,FA,2,1606
76.153702,M,1,IN,IN,MP,FA,AR,EN,1,1607
76.135658,M,4,MI,MI,MP,AR,MS,SC,3,1608
76.128784,F,1,MS,MS,CM,OD,AG,SC,1,1609
76.124359,M,1,MI,MI,IN,AR,MS,EN,1,1610
76.096817,M,5,QM,MP,FA,QM,TC,AR,1,1611
76.090134,M,1,QM,QM,IN,EN,MI,FI,1,1612
76.071724,M,2,MI,MI,IN,FA,EN,AR,1,1613
76.043076,M,1,IN,AR,IN,FA,MP,EN,4,1614
76.035683,M,1,QM,AG,QM,OD,AD,TC,2,1615
76.012711,M,1,FA,FA,AR,AD,IN,QM,1,1616
75.999252,M,1,AG,AG,MS,SC,AR,MI,2,1617
75.997948,M,1,TC,TC,AD,MP,FA,AR,2,1618
75.97747,M,3,MI,MI,FA,SC,AD,MP,2,1619
75.976547,M,2,IN,IN,AR,MP,FA,AD,1,1620
75.934418,M,1,MI,MI,SC,IN,AR,MP,2,1621
75.933296,M,2,MI,MI,SC,AG,IN,MP,1,1622
75.923248,M,1,QM,QM,MS,AG,AR,EN,1,1623
75.919456,M,1,IN,IN,OD,EN,AR,FA,1,1624
75.916367,F,4,EN,EN,QM,OD,AD,MP,1,1625
75.909859,M,3,TC,MS,TC,QM,AD,OD,1,1626
75.891342,F,2,QM,AG,MI,QM,FI,MS,1,1627
75.88427,M,1,QM,SC,QM,MP,EN,IN,1,1628
75.880043,M,2,EN,EN,QM,IN,AD,FA,1,1629
75.879028,M,2,MS,MS,CM,EN,AR,FA,3,1630
75.876617,M,5,IN,IN,MI,MP,AR,AV,1,1631
75.867958,M,4,SC,SC,AR,MI,EN,IN,3,1632
75.859825,F,2,MS,MS,QM,AG,SC,MI,1,1633
75.845375,M,1,TC,MI,TC,AR,MP,OD,1,1634
75.840111,M,4,IN,IN,MP,AR,SC,FA,2,1635
75.832115,M,1,FA,AR,FA,IN,SC,EN,2,1636
75.825294,M,1,EN,EN,MI,FA,SC,IN,1,1637
75.812653,M,1,AG,AG,FI,AR,MS,QM,2,1638
75.804443,M,1,IN,IN,AR,MI,EN,TC,2,1639
75.795486,F,1,MI,MI,AD,FA,EN,MP,1,1640
75.776016,F,1,TC,TC,MP,EN,MI,FA,2,1641
75.768417,M,1,EN,EN,IN,MI,AD,MS,3,1642
75.750641,F,3,QM,MS,QM,SC,TC,AG,3,1643
75.718567,M,3,SC,SC,MS,AG,AR,QM,2,1644
75.712929,M,1,MP,MP,FA,AD,AR,AV,2,1645
75.701965,M,2,IN,IN,AR,FA,MP,SC,2,1646
75.700684,M,1,MS,MS,MI,FA,MP,EN,1,1647
75.700287,M,1,OD,OD,MS,SC,EN,MI,1,1648
75.699448,M,1,MP,AR,MP,AD,IN,FA,2,1649
75.693405,F,2,QM,QM,EN,FI,MS,AD,1,1650
75.690254,M,3,TC,AG,MS,TC,AD,QM,2,1651
75.668266,M,1,MI,MI,FA,EN,MS,AR,3,1652
75.663818,M,1,CM,CM,MS,OD,EN,QM,1,1653
75.651024,M,1,IN,IN,FA,AR,MP,MI,1,1654
75.647583,M,1,OD,MS,EN,OD,FA,SC,4,1655
75.637878,M,1,AD,AD,FI,QM,TC,MI,3,1656
75.632088,M,2,IN,IN,EN,AR,FA,MP,2,1657
75.620049,F,3,MS,MS,MI,FI,EN,AG,1,1658
75.613472,M,1,AG,AG,QM,AD,FI,SC,1,1659
75.607651,M,1,FA,FA,AD,IN,AR,MI,1,1660
75.606163,M,1,IN,IN,AD,AR,MP,FA,1,1661
75.594322,M,3,MP,MP,MI,AR,TC,AG,1,1662
75.582405,M,1,QM,MI,AG,QM,AD,MS,1,1663
75.581467,F,4,EN,EN,AD,MS,MP,OD,2,1664
75.576981,F,1,OD,MP,OD,MI,AG,FA,1,1665
75.573425,M,1,SC,SC,OD,MP,FA,CM,2,1666
75.572769,M,2,EN,EN,MI,FA,AR,IN,1,1667
75.563614,M,1,MI,MI,MP,TC,FA,OD,1,1668
75.563507,M,3,AG,AG,FI,SC,AD,MS,1,1669
75.545853,F,3,AG,AG,MS,FI,MI,MP,1,1670
75.538109,M,1,MI,MI,SC,MS,AV,EN,1,1671
75.53624,M,1,IN,IN,EN,MI,AR,MS,1,1672
75.529922,F,1,MP,MP,EN,AD,OD,TC,1,1673
75.52829,M,4,FI,FI,QM,AR,FA,MP,2,1674
75.521919,M,2,EN,AR,EN,FA,MI,IN,1,1675
75.507019,F,1,EN,EN,OD,MP,SC,CM,2,1676
75.501801,M,1,CM,MP,FA,CM,MI,SC,1,1677
75.477814,M,1,TC,TC,QM,OD,AR,AG,1,1678
75.472206,M,1,AG,AG,AD,QM,FI,MI,1,1679
75.461327,M,1,SC,SC,AR,IN,AV,EN,1,1680
75.456665,F,3,AG,AG,FI,MS,SC,EN,2,1681
75.424812,M,1,FA,AR,FA,EN,OD,TC,1,1682
75.423653,M,1,IN,IN,EN,MS,MI,TC,4,1683
75.413025,M,3,QM,QM,TC,MP,FA,CM,1,1684
75.400986,M,1,FA,AR,FA,IN,EN,MP,1,1685
75.399017,M,1,EN,EN,IN,FA,MP,AR,4,1686
75.389755,M,1,IN,AR,IN,EN,FA,MP,2,1687
75.389595,M,1,IN,IN,AR,EN,MI,FA,1,1688
75.387367,M,1,IN,IN,EN,AR,FA,OD,1,1689
75.372559,M,1,MI,MI,AR,MP,OD,QM,1,1690
75.36776,M,1,SC,SC,MI,AR,OD,EN,1,1691
75.366722,M,1,MI,MI,AD,MP,AR,OD,1,1692
75.351936,M,1,TC,AG,TC,QM,AD,MP,1,1693
75.351936,M,1,MS,MS,MI,SC,EN,FA,1,1694
75.345032,M,1,IN,IN,AR,EN,MS,MI,2,1695
75.343781,F,2,AG,AG,QM,CM,MP,EN,1,1696
75.328102,M,1,MP,MP,IN,FA,AR,AD,1,1697
75.319122,M,1,TC,MI,SC,TC,AD,QM,3,1698
75.284256,M,5,EN,EN,SC,AR,IN,QM,1,1699
75.278107,M,1,MI,MI,EN,AR,IN,SC,1,1700
75.277237,F,1,MS,MS,QM,AG,MI,AD,1,1701
75.273178,M,1,MI,MI,AR,EN,FA,SC,1,1702
75.269783,F,1,AG,AG,SC,MI,FI,EN,2,1703
75.269302,M,4,IN,IN,AR,FA,EN,CM,1,1704
75.26796,M,4,CM,MS,CM,EN,QM,MP,1,1705
75.261642,M,1,IN,IN,EN,MI,OD,AR,2,1706
75.251472,F,2,MP,MP,MI,TC,MS,OD,2,1707
75.238876,M,1,OD,EN,OD,AR,QM,FI,4,1708
75.231384,M,3,AV,AV,MP,FA,MS,EN,2,1709
75.208519,M,1,MI,MI,AD,OD,SC,AR,1,1710
75.203957,M,1,FI,FI,AG,MS,AR,QM,2,1711
75.202621,M,1,MS,MS,CM,QM,AR,AG,3,1712
75.200195,M,1,FA,FA,SC,AD,OD,TC,1,1713
75.172096,M,1,FI,FI,AG,EN,QM,OD,2,1714
75.169312,M,1,AV,AV,AD,QM,FA,MP,1,1715
75.168617,M,1,SC,SC,EN,QM,MI,MS,1,1716
75.160637,F,1,MP,MP,TC,OD,EN,MS,2,1717
75.158348,M,1,EN,EN,SC,TC,AR,FA,4,1718
75.145668,M,1,IN,IN,MS,AR,MP,MI,1,1719
75.136208,M,3,OD,OD,QM,IN,TC,FI,1,1720
75.105583,M,1,IN,AR,IN,FA,MP,MI,1,1721
75.071724,M,1,AG,AG,EN,QM,AR,MS,1,1722
75.067322,M,1,CM,SC,CM,IN,QM,TC,1,1723
75.05397,M,1,IN,IN,SC,FA,AR,MI,3,1724
75.053596,M,1,QM,IN,MI,QM,EN,AR,3,1725
75.015755,F,3,OD,MS,MI,OD,CM,AD,3,1726
75.004501,F,1,EN,EN,QM,AG,FI,SC,1,1727
74.990425,M,4,CM,MS,CM,AD,MP,AR,3,1728
74.989059,M,4,AV,AV,MI,MP,AR,IN,1,1729
74.980011,M,1,FA,AR,FA,EN,IN,MI,1,1730
74.970589,M,1,TC,AR,EN,TC,IN,SC,1,1731
74.962463,F,1,SC,SC,AG,EN,OD,MI,1,1732
74.946373,M,1,AV,AV,MI,MS,SC,TC,1,1733
74.943031,M,3,AV,AV,IN,EN,MI,MS,2,1734
74.937492,F,1,OD,AG,OD,QM,CM,MI,1,1735
74.929428,F,3,MS,MS,AG,FI,MP,MI,3,1736
74.910233,M,1,IN,IN,AR,FA,EN,SC,2,1737
74.904778,M,4,MS,MS,SC,AR,MI,EN,3,1738
74.900131,M,1,CM,AR,CM,EN,MI,OD,4,1739
74.892044,M,4,MI,MI,SC,IN,EN,AR,1,1740
74.866409,M,1,AV,AV,TC,SC,EN,QM,4,1741
74.844971,M,5,MI,AR,MI,EN,SC,IN,1,1742
74.842125,M,1,MI,MI,FA,AR,IN,EN,1,1743
74.834976,M,1,EN,EN,FA,AR,MP,IN,4,1744
74.825668,M,1,IN,AR,IN,SC,EN,MS,1,1745
74.823517,M,1,MI,MI,SC,CM,AR,EN,4,1746
74.816498,M,1,AV,AV,AR,EN,QM,FI,4,1747
74.808273,M,1,MI,MI,SC,MP,FA,QM,2,1748
74.797913,M,1,MP,MP,IN,EN,AR,QM,1,1749
74.778633,M,1,IN,IN,AR,MP,EN,AD,1,1750
74.776695,M,2,QM,QM,OD,TC,EN,FI,4,1751
74.776115,M,1,AG,AG,QM,OD,AR,FI,2,1752
74.766022,M,1,TC,FA,TC,QM,SC,IN,1,1753
74.737144,M,1,QM,AR,QM,OD,EN,SC,1,1754
74.72683,M,1,OD,FA,OD,TC,MP,AR,1,1755
74.722061,M,1,EN,AR,EN,FA,IN,MP,3,1756
74.705101,M,1,EN,AR,EN,MP,IN,FA,2,1757
74.701935,M,1,IN,IN,AR,FA,MP,FI,2,1758
74.696236,M,1,IN,IN,AR,FA,AD,MI,1,1759
74.694031,M,1,OD,OD,SC,CM,EN,AD,1,1760
74.693108,M,1,CM,MS,MP,CM,AR,MI,1,1761
74.678818,M,1,MI,MI,SC,TC,AR,OD,1,1762
74.676506,M,4,OD,EN,MI,OD,FI,AD,4,1763
74.673111,M,1,IN,AR,IN,MI,SC,AD,1,1764
74.671059,F,3,MS,MS,SC,AG,FI,TC,3,1765
74.668533,M,1,MI,AR,MI,FA,IN,MP,1,1766
74.659836,M,1,EN,EN,FA,IN,AR,MI,4,1767
74.653099,M,1,MP,MP,FA,TC,IN,AR,1,1768
74.652367,M,1,IN,IN,MI,FA,AR,EN,1,1769
74.64785,M,3,QM,QM,MS,AG,AD,SC,1,1770
74.640495,M,1,QM,QM,TC,EN,IN,AD,1,1771
74.638596,M,1,IN,IN,FA,AR,AD,MP,2,1772
74.628166,M,2,FA,AR,FA,MI,IN,FI,1,1773
74.614243,M,1,IN,IN,EN,AR,FA,CM,1,1774
74.608368,M,1,TC,TC,SC,MP,AR,MI,1,1775
74.596054,M,2,IN,IN,AR,FA,MP,EN,1,1776
74.591011,M,1,AV,AV,MS,OD,AD,EN,2,1777
74.590843,M,1,EN,EN,AR,IN,SC,FA,2,1778
74.584999,M,3,SC,SC,EN,FI,FA,MS,1,1779
74.571671,M,1,EN,EN,IN,MP,FA,AD,1,1780
74.568604,M,3,EN,EN,IN,AR,MP,FA,4,1781
74.5214,M,1,MI,MI,AR,SC,EN,MP,1,1782
74.505333,M,1,IN,IN,AR,TC,FA,AD,2,1783
74.497803,M,1,TC,QM,TC,SC,EN,OD,4,1784
74.497589,M,3,MP,MP,QM,IN,MI,AD,1,1785
74.494186,M,1,TC,AD,AR,TC,OD,IN,2,1786
74.49157,M,2,MP,MP,MI,QM,AR,IN,1,1787
74.480995,M,1,QM,QM,MS,MP,AD,MI,1,1788
74.472984,M,1,EN,EN,MI,AR,FA,IN,4,1789
74.432083,M,1,EN,EN,AR,SC,FA,MS,2,1790
74.430138,M,4,TC,TC,OD,QM,FA,AG,1,1791
74.416679,F,3,QM,QM,MS,AG,FI,MP,1,1792
74.407074,M,5,FA,FA,IN,AR,MI,EN,1,1793
74.405914,M,1,TC,MI,IN,TC,OD,AR,1,1794
74.405113,F,1,EN,MP,EN,TC,MI,FA,1,1795
74.37867,F,1,TC,TC,QM,MP,EN,SC,1,1796
74.357803,M,1,MS,MS,FA,OD,MP,AR,3,1797
74.355232,M,3,OD,AR,OD,FA,QM,SC,2,1798
74.350372,M,2,OD,AR,FA,OD,SC,CM,1,1799
74.329941,M,4,EN,EN,QM,OD,TC,MP,2,1800
74.326668,M,2,EN,EN,FA,IN,SC,AR,1,1801
74.313354,M,2,CM,CM,EN,AR,MP,MI,4,1802
74.313141,M,1,TC,MP,FA,TC,AR,SC,2,1803
74.297523,M,3,EN,EN,SC,AD,AR,IN,4,1804
74.293449,M,1,FA,FA,SC,OD,EN,MS,1,1805
74.28582,M,1,FA,AR,FA,EN,MP,TC,2,1806
74.280914,M,4,SC,SC,OD,QM,FA,TC,2,1807
74.28054,M,1,SC,SC,EN,IN,AR,FA,1,1808
74.267014,M,1,SC,SC,AR,MP,MS,QM,1,1809
74.253311,M,1,AG,AG,MS,MP,EN,OD,2,1810
74.236877,M,1,MI,IN,MI,EN,AR,MP,4,1811
74.21447,F,1,OD,MS,AG,OD,QM,SC,1,1812
74.209793,M,1,MI,IN,MI,MP,EN,QM,1,1813
74.202019,M,1,SC,SC,AR,QM,MI,MS,1,1814
74.171341,M,1,MI,MI,FA,AR,IN,MP,1,1815
74.141701,M,1,MS,MS,MI,QM,AD,SC,1,1816
74.119164,F,1,MS,MS,FA,MI,EN,AG,1,1817
74.107643,M,4,TC,AR,TC,OD,IN,MP,1,1818
74.079597,M,1,EN,EN,MI,OD,IN,FA,1,1819
74.073814,M,1,TC,MP,TC,SC,AR,AD,1,1820
74.071991,M,1,MS,MS,SC,FA,EN,AG,2,1821
74.052689,M,1,MI,MI,MS,EN,MP,IN,2,1822
74.051262,F,1,MS,MS,SC,OD,AG,FI,1,1823
74.043159,M,1,MS,MS,MP,QM,EN,MI,1,1824
74.042679,M,1,TC,AG,QM,TC,AD,SC,1,1825
74.027458,M,2,MI,MI,QM,AG,AD,SC,1,1826
74.021797,M,3,MS,MS,AV,MI,CM,QM,3,1827
74.020729,M,1,SC,AR,SC,OD,MP,FA,1,1828
74.011246,M,1,OD,FI,OD,TC,EN,SC,2,1829
74.002274,M,1,FA,FA,AD,SC,AR,IN,1,1830
73.989105,F,1,MS,MS,AG,MP,QM,FI,3,1831
73.978706,M,1,QM,QM,MP,FI,FA,AG,2,1832
73.971786,M,1,AG,AG,EN,IN,OD,MS,1,1833
73.958458,M,4,MI,MI,EN,MP,SC,AR,2,1834
73.956032,M,1,CM,MI,CM,MP,AR,AG,1,1835
73.949112,F,1,MI,MI,AG,QM,OD,AD,1,1836
73.937714,M,1,EN,EN,AR,MP,IN,OD,1,1837
73.919464,M,1,OD,QM,OD,SC,EN,FI,2,1838
73.907608,M,1,MI,MI,AR,AD,FA,MP,1,1839
73.906822,M,1,EN,EN,OD,TC,QM,AR,4,1840
73.889351,M,3,TC,TC,QM,MP,AR,AD,1,1841
73.884171,F,3,AG,AG,AD,OD,FA,SC,2,1842
73.879555,M,1,EN,EN,OD,QM,SC,AR,2,1843
73.857086,M,1,EN,EN,AR,MI,MP,MS,3,1844
73.848511,M,1,TC,FA,AD,TC,SC,QM,2,1845
73.843674,M,3,SC,SC,AG,MI,FA,MS,2,1846
73.839981,M,1,MS,AV,MS,MI,SC,EN,2,1847
73.838303,F,2,AG,AG,SC,QM,MS,MI,2,1848
73.833702,M,1,EN,EN,MP,AR,FA,TC,1,1849
73.815437,M,3,QM,QM,MS,OD,FA,AG,1,1850
73.812889,M,1,MI,AR,MI,MP,EN,SC,1,1851
73.800529,M,1,EN,MP,EN,AR,FA,IN,1,1852
73.797951,M,1,FA,IN,FA,AR,MI,AG,3,1853
73.794533,M,2,MS,MS,AG,AD,FI,QM,1,1854
73.780968,M,1,EN,MP,EN,IN,AR,FA,1,1855
73.763199,M,3,OD,QM,OD,TC,EN,IN,1,1856
73.762909,M,1,OD,QM,EN,OD,SC,AD,1,1857
73.761162,M,3,MS,MS,AG,EN,FI,QM,1,1858
73.736153,M,3,AV,AV,AR,FA,IN,EN,3,1859
73.735542,M,3,AG,AG,AR,MI,FI,SC,1,1860
73.731827,F,1,MS,MS,AG,QM,MI,TC,1,1861
73.689018,M,1,OD,AG,OD,AR,QM,MS,1,1862
73.687004,M,1,MI,MI,IN,EN,AR,MP,1,1863
73.674942,M,2,QM,QM,EN,TC,AR,MS,1,1864
73.630379,F,1,MS,MS,EN,FI,FA,AG,2,1865
73.619263,M,1,FA,FA,EN,MI,IN,AR,1,1866
73.595284,M,1,AG,AG,FI,OD,EN,MS,2,1867
73.591141,F,1,QM,QM,MS,FI,AG,CM,1,1868
73.584717,F,1,MS,MS,AG,FI,EN,MP,1,1869
73.582809,M,1,TC,SC,MP,TC,AR,MI,2,1870
73.556854,M,1,SC,SC,MP,MI,IN,AR,1,1871
73.549515,M,1,CM,CM,EN,MI,AR,AG,1,1872
73.547768,M,1,TC,QM,TC,AG,AV,MS,1,1873
73.541977,F,1,OD,MP,OD,AG,AD,EN,1,1874
73.537941,M,1,TC,QM,TC,OD,EN,FA,2,1875
73.532898,M,1,MI,MI,CM,AR,FI,MP,1,1876
73.499924,M,1,MI,MI,OD,AR,FA,EN,1,1877
73.453529,M,1,OD,MP,OD,TC,AR,MI,1,1878
73.423187,F,1,MS,MS,AG,SC,QM,FI,1,1879
73.415802,M,1,OD,MP,FA,OD,IN,QM,1,1880
73.411865,M,3,MI,MI,MS,SC,AR,MP,1,1881
73.393158,M,3,FI,FI,MI,SC,AR,EN,2,1882
73.386322,M,4,TC,TC,OD,FA,QM,SC,1,1883
73.383591,M,4,QM,QM,AG,FA,EN,TC,2,1884
73.370605,M,1,QM,QM,MS,OD,EN,MP,1,1885
73.336693,M,1,CM,EN,AD,CM,FA,AR,1,1886
73.32489,F,3,MS,MS,AG,FI,MI,MP,2,1887
73.299202,M,1,FA,FA,SC,AR,MP,OD,1,1888
73.267097,M,1,MI,MI,SC,FA,CM,MP,3,1889
73.23983,F,1,MI,EN,MI,MS,AG,SC,1,1890
73.232002,M,1,AD,AD,FA,CM,SC,TC,1,1891
73.21376,F,2,MS,MS,FI,SC,AG,AD,3,1892
73.176201,F,1,TC,AG,MS,TC,EN,QM,2,1893
73.175224,M,5,MS,MS,OD,AD,AG,FI,1,1894
73.175201,M,1,SC,SC,AR,MP,IN,OD,1,1895
73.150681,F,3,AG,AG,MS,FI,MI,QM,1,1896
73.109718,M,1,FI,FI,SC,TC,AD,QM,2,1897
73.109146,M,1,MI,MI,SC,OD,AR,MP,1,1898
73.094505,M,1,TC,AR,MP,TC,IN,QM,1,1899
73.087959,M,3,QM,QM,OD,TC,AR,MP,1,1900
73.084282,M,1,MI,MI,IN,AR,AD,FA,1,1901
73.078476,M,1,OD,QM,OD,CM,AR,MP,1,1902
73.078072,M,1,TC,QM,EN,TC,MI,MP,2,1903
73.067207,M,1,TC,TC,FA,OD,AD,IN,3,1904
73.065041,M,1,FI,FI,AG,AD,FA,QM,2,1905
73.04409,M,1,MI,MI,IN,SC,FA,AR,1,1906
73.034615,M,1,MI,MI,MP,OD,AR,MS,1,1907
73.027901,M,4,FA,AR,FA,TC,EN,AD,2,1908
73.023773,M,3,AD,AD,QM,TC,OD,AG,2,1909
73.015968,M,1,FA,EN,FA,MI,IN,MP,1,1910
73.01104,M,1,MI,MI,SC,FA,MP,AR,1,1911
73.008904,M,1,FA,FA,TC,OD,AD,MI,2,1912
72.995522,M,1,SC,SC,FA,OD,AD,EN,1,1913
72.99456,M,1,TC,TC,AG,AD,OD,EN,1,1914
72.993958,M,1,OD,OD,TC,CM,FA,MP,1,1915
72.989273,M,1,MI,MI,EN,FA,AR,IN,1,1916
72.979599,F,4,MI,MI,AD,EN,MS,SC,1,1917
72.97686,F,1,CM,MP,CM,TC,AD,SC,1,1918
72.95533,M,1,AG,AG,QM,TC,EN,MP,2,1919
72.949509,M,1,MI,MI,EN,AR,IN,SC,4,1920
72.942398,M,3,SC,SC,FA,FI,AR,AD,2,1921
72.940102,M,1,OD,QM,OD,MS,AD,EN,1,1922
72.936142,M,1,FA,AR,FA,EN,IN,MP,4,1923
72.934494,F,2,AG,AG,MS,FI,MP,QM,1,1924
72.931656,M,1,TC,QM,TC,OD,EN,SC,2,1925
72.929733,M,2,CM,IN,CM,OD,MP,EN,3,1926
72.914726,F,1,AG,AG,SC,CM,MI,MP,1,1927
72.876526,M,1,OD,OD,TC,AR,FA,IN,1,1928
72.838799,M,1,FA,FA,MP,AR,IN,EN,1,1929
72.836189,M,1,AV,AV,EN,IN,AR,MI,4,1930
72.819626,F,2,TC,TC,OD,MP,CM,EN,1,1931
72.812622,M,2,OD,MP,AR,OD,SC,AD,2,1932
72.807922,M,1,AG,AG,OD,MI,AD,EN,1,1933
72.805786,F,3,OD,QM,OD,AG,SC,TC,2,1934
72.805061,F,3,MS,MS,AG,FI,MI,SC,1,1935
72.802116,F,1,AV,AV,MS,EN,MI,SC,1,1936
72.769569,M,1,SC,SC,MI,EN,AR,QM,1,1937
72.765221,M,1,OD,FA,AR,OD,MI,QM,2,1938
72.757034,M,3,OD,QM,AR,OD,MP,TC,1,1939
72.713608,M,1,FI,FI,MI,OD,AD,QM,2,1940
72.709206,M,1,FA,FA,IN,AR,EN,SC,4,1941
72.684982,M,1,SC,SC,MI,FA,EN,MS,2,1942
72.656471,M,1,FA,EN,FA,SC,MS,FI,4,1943
72.648628,M,1,MI,MI,EN,MS,OD,AR,1,1944
72.64695,M,1,OD,SC,OD,FA,QM,AG,1,1945
72.613113,F,1,MS,MS,FI,AG,QM,TC,1,1946
72.608696,M,1,MI,MI,EN,SC,AR,MP,2,1947
72.607445,M,1,OD,AR,AD,OD,EN,SC,1,1948
72.560684,M,3,MS,MS,EN,AG,AR,IN,3,1949
72.547127,M,1,MI,MI,FA,AD,IN,EN,2,1950
72.543419,M,1,SC,MP,SC,EN,FA,MI,1,1951
72.520088,M,1,CM,MS,CM,AG,IN,MP,1,1952
72.463982,M,1,SC,SC,MI,IN,FA,AR,2,1953
72.440002,M,1,FA,FA,EN,MS,MI,SC,4,1954
72.434189,M,1,FA,FA,MP,EN,CM,AR,3,1955
72.403595,M,1,SC,SC,MI,AD,MP,CM,1,1956
72.401665,F,2,AG,AG,MS,QM,TC,MP,1,1957
72.371841,F,2,AG,AG,MS,QM,EN,TC,1,1958
72.367119,M,1,FA,AR,FA,OD,IN,MP,3,1959
72.36544,F,2,MS,MS,EN,SC,FI,OD,1,1960
72.348953,M,1,MS,MS,QM,AR,EN,MP,1,1961
72.343559,F,3,MS,MS,MI,QM,OD,AG,1,1962
72.291145,M,1,MS,MS,MI,TC,EN,FI,1,1963
72.271767,M,4,SC,SC,CM,OD,FA,TC,1,1964
72.268082,M,1,QM,QM,AR,FI,AG,FA,2,1965
72.267426,M,1,FA,EN,FA,OD,AR,IN,2,1966
72.225388,M,1,AV,AV,MS,SC,OD,MI,1,1967
72.220184,M,1,FA,FA,EN,MI,AR,IN,2,1968
72.212593,M,1,FA,FA,OD,EN,MP,TC,1,1969
72.206757,M,2,OD,EN,FA,OD,AR,IN,1,1970
72.200699,M,1,FA,EN,FA,SC,MI,TC,4,1971
72.197235,F,3,MS,MS,SC,QM,MI,OD,1,1972
72.196388,F,1,MS,MS,QM,TC,MP,MI,2,1973
72.189102,M,2,OD,MI,OD,FA,MP,TC,3,1974
72.188889,M,1,SC,SC,OD,FA,MP,EN,3,1975
72.179146,M,1,OD,MP,OD,CM,IN,MI,2,1976
72.16996,M,3,MS,MS,TC,QM,AR,SC,1,1977
72.161484,M,1,SC,SC,AD,FA,EN,MI,1,1978
72.161209,M,1,MS,MS,EN,FA,CM,SC,1,1979
72.151932,F,3,SC,SC,FI,AG,MI,QM,1,1980
72.14415,M,1,AV,AV,MP,AD,FA,IN,1,1981
72.128616,F,1,MS,MS,AG,MI,SC,QM,3,1982
72.127045,M,1,SC,SC,MP,EN,AR,FI,1,1983
72.110626,M,1,AV,AV,FA,AD,SC,MS,4,1984
72.110397,F,1,AG,AG,EN,MP,OD,QM,1,1985
72.096504,M,2,OD,MS,OD,AR,AG,MI,2,1986
72.08802,M,1,FA,MP,FA,AD,IN,MI,1,1987
72.077339,M,4,FA,FA,AR,IN,EN,CM,2,1988
72.035454,F,3,AD,AD,MP,AG,MI,QM,1,1989
72.01194,M,3,MS,MS,AR,QM,CM,IN,2,1990
72.005844,M,3,OD,MP,OD,EN,MI,QM,1,1991
71.987785,M,3,QM,QM,AD,MP,AG,OD,2,1992
71.945892,M,1,MS,MS,AG,SC,AD,EN,1,1993
71.920456,F,3,MS,MS,AG,QM,FI,TC,3,1994
71.896698,M,1,MI,MI,FA,SC,OD,IN,1,1995
71.871056,M,1,FA,FA,MP,EN,SC,TC,1,1996
71.849709,M,1,FA,FA,IN,TC,MP,AD,1,1997
71.843109,F,2,AG,AG,QM,OD,SC,EN,2,1998
71.814125,M,1,MI,MI,SC,FA,IN,AR,3,1999
71.768135,M,4,MI,MI,FA,TC,IN,AR,1,2000
71.750809,M,1,FA,FA,MP,AD,EN,OD,2,2001
71.734795,M,1,SC,IN,SC,FA,AR,EN,1,2002
71.710121,M,1,MI,MI,QM,AR,AG,SC,1,2003
71.702309,F,1,OD,QM,OD,TC,EN,AG,2,2004
71.690804,M,3,SC,SC,QM,MI,AD,IN,3,2005
71.677811,M,3,QM,QM,MP,TC,FA,CM,1,2006
71.663918,M,5,MI,EN,MI,MP,AR,AD,1,2007
71.640633,M,1,OD,EN,OD,TC,AV,MP,4,2008
71.611763,M,1,OD,QM,OD,AR,TC,FA,2,2009
71.601578,M,3,AG,AG,MI,AD,SC,MP,2,2010
71.592346,F,3,AG,MS,AG,TC,QM,CM,1,2011
71.557602,M,1,FA,EN,FA,MI,MP,IN,1,2012
71.540565,M,3,AG,AG,QM,TC,AR,MS,1,2013
71.530052,F,2,MI,MS,MI,AG,AD,SC,2,2014
71.476471,M,1,FA,FA,AR,SC,MP,IN,1,2015
71.456924,M,1,FA,FA,MP,EN,AR,AD,2,2016
71.455879,M,1,TC,TC,EN,IN,OD,SC,4,2017
71.443459,M,3,OD,OD,SC,AD,MS,AG,1,2018
71.419563,F,3,MI,MI,QM,AG,EN,SC,1,2019
71.407539,M,1,MI,MI,EN,QM,MP,FI,1,2020
71.40654,M,1,AD,AD,FA,CM,EN,MP,1,2021
71.402962,M,2,FA,FA,MP,EN,QM,TC,2,2022
71.39621,F,1,AG,AG,FI,MP,CM,QM,1,2023
71.390175,M,1,FA,MP,FA,AD,IN,OD,1,2024
71.388641,M,1,SC,SC,EN,TC,AR,IN,4,2025
71.317215,M,1,AV,AV,QM,AR,AD,MP,1,2026
71.287979,M,1,SC,SC,MI,CM,EN,MS,1,2027
71.270485,M,1,OD,QM,TC,OD,FA,MI,3,2028
71.178696,M,1,OD,EN,OD,FA,IN,MI,3,2029
71.154121,M,1,MI,MI,SC,IN,QM,MP,1,2030
71.12838,M,3,MI,MI,IN,MP,AR,SC,4,2031
71.104881,M,4,OD,EN,OD,SC,IN,MP,1,2032
71.050896,M,3,SC,AR,SC,FA,IN,EN,1,2033
71.045319,M,1,TC,TC,AR,MP,EN,OD,2,2034
71.044373,F,4,QM,QM,AG,FI,SC,MP,2,2035
71.024727,M,1,AD,AD,FA,EN,SC,AR,1,2036
71.017845,F,2,AG,AG,FI,OD,QM,TC,2,2037
71.011299,M,3,OD,EN,TC,OD,MI,QM,1,2038
71.005714,M,1,MI,MI,IN,AR,MP,FA,1,2039
70.999405,M,1,OD,OD,MS,MP,AR,MI,1,2040
70.995277,M,3,MI,MI,MP,AG,EN,SC,1,2041
70.991386,M,1,OD,OD,SC,IN,MS,AD,3,2042
70.989952,F,3,AG,MS,AG,QM,MP,SC,1,2043
70.946487,M,3,SC,SC,AD,MI,FA,AG,1,2044
70.932159,M,1,FA,AR,FA,QM,IN,MP,1,2045
70.914841,M,1,FA,AR,FA,OD,MP,IN,1,2046
70.905685,M,4,QM,MS,QM,TC,AD,AG,4,2047
70.896477,F,3,AG,AG,QM,MS,CM,SC,1,2048
70.87397,M,1,SC,SC,IN,AR,FA,TC,1,2049
70.871353,M,3,QM,MS,QM,AG,EN,AR,2,2050
70.831909,M,1,FA,AR,FA,EN,IN,AD,2,2051
70.799545,M,1,OD,MS,TC,OD,AV,MP,3,2052
70.789497,M,1,AV,AV,QM,MP,TC,FA,1,2053
70.771233,M,2,MI,MI,MP,AD,MS,EN,1,2054
70.697266,M,3,QM,QM,TC,OD,AR,SC,2,2055
70.693459,M,3,OD,OD,EN,SC,QM,TC,4,2056
70.692421,M,1,OD,OD,QM,EN,CM,SC,1,2057
70.690392,F,1,OD,EN,TC,OD,FA,MP,1,2058
70.685455,M,4,SC,SC,OD,AR,QM,FI,3,2059
70.662888,M,1,OD,FA,MP,OD,EN,IN,1,2060
70.65255,M,1,MI,MI,AD,CM,SC,MP,2,2061
70.643211,F,1,QM,QM,FI,AG,AD,EN,2,2062
70.635849,M,1,OD,EN,OD,TC,QM,MP,4,2063
70.565239,M,1,AV,AV,FA,AD,AR,EN,2,2064
70.565002,M,3,OD,CM,OD,FA,QM,SC,2,2065
70.564705,M,1,FA,FA,OD,IN,AR,EN,2,2066
70.51078,M,1,OD,OD,SC,MP,EN,FA,4,2067
70.48233,M,4,TC,TC,QM,AG,AR,MP,2,2068
70.475967,M,1,MI,MI,MP,AR,MS,OD,1,2069
70.405533,M,1,OD,AD,OD,SC,EN,QM,4,2070
70.340919,M,1,AD,AD,FA,AR,EN,MP,1,2071
70.306503,F,5,OD,EN,TC,OD,MP,SC,3,2072
70.297752,M,1,AG,MP,AG,FA,AR,FI,1,2073
70.270767,M,1,FA,FA,MP,SC,CM,IN,1,2074
70.229904,F,4,MI,MI,MP,MS,AG,FA,1,2075
70.17749,F,1,QM,QM,MP,TC,EN,AG,2,2076
70.162163,M,1,OD,MI,IN,OD,EN,AR,1,2077
70.161774,M,1,OD,AD,OD,MI,SC,FA,1,2078
70.112411,M,1,OD,MI,OD,AR,AG,SC,1,2079
70.023247,M,4,FA,FA,AD,AR,EN,FI,2,2080
69.984505,F,3,AG,AG,QM,FI,SC,MI,2,2081
69.967094,M,1,AD,AD,MI,OD,AR,EN,1,2082
69.928558,F,3,AG,AG,FI,QM,TC,SC,1,2083
69.91774,M,1,TC,TC,SC,MI,AD,QM,2,2084
69.838753,M,2,FA,FA,AD,OD,IN,MP,1,2085
69.823196,M,3,AG,FI,AG,QM,AD,TC,1,2086
69.768089,M,1,FA,IN,FA,TC,AR,EN,1,2087
69.751831,M,1,SC,MS,SC,CM,FA,AR,3,2088
69.721832,M,1,QM,QM,AR,FA,SC,OD,1,2089
69.720551,F,1,AG,AG,MS,MI,MP,SC,1,2090
69.685898,M,1,AV,AV,FA,MI,MP,TC,1,2091
69.661774,M,1,FA,IN,FA,SC,AR,AD,2,2092
69.007385,F,1,SC,SC,MI,AG,AD,TC,1,2093
68.744896,M,1,SC,AR,SC,FA,AD,IN,1,2094
67.853287,M,1,SC,SC,AD,MI,FI,IN,1,2095
67.393242,M,1,SC,AR,SC,AD,TC,QM,1,2096
67.045242,M,1,FA,FA,AR,AD,MP,OD,1,2097
66.856361,M,1,FA,FA,AD,MS,MI,AR,1,2098
66.62738,M,2,SC,MI,SC,MP,FA,OD,1,2099
66.481171,M,1,FA,EN,FA,AD,TC,AR,4,2100
66.402802,M,1,FA,FA,MP,TC,EN,OD,1,2101
66.255386,M,3,SC,MI,SC,EN,FA,TC,1,2102
65.781723,M,1,FA,FA,MS,CM,OD,SC,4,2103
65.720795,M,1,FA,MI,FA,OD,SC,AD,1,2104
64.964859,M,1,TC,TC,AD,FA,SC,MI,1,2105
64.599693,M,1,AD,AD,AR,MI,FA,IN,1,2106
64.363701,M,1,SC,SC,MI,FA,MP,OD,2,2107
64.146965,M,1,FA,MP,FA,AD,EN,CM,1,2108
63.111656,M,1,CM,CM,AR,IN,MI,MP,2,2109
